DROP DATABASE IF EXISTS `sysanalytical`;

CREATE DATABASE  IF NOT EXISTS `sysanalytical` /*!40100 DEFAULT CHARACTER SET utf8 */;
USE `sysanalytical`;
-- MySQL dump 10.13  Distrib 5.7.23, for Linux (x86_64)
--
-- Host: localhost    Database: sysanalytical
-- ------------------------------------------------------
-- Server version	5.7.23-0ubuntu0.16.04.1

/*!40101 SET @OLD_CHARACTER_SET_CLIENT=@@CHARACTER_SET_CLIENT */;
/*!40101 SET @OLD_CHARACTER_SET_RESULTS=@@CHARACTER_SET_RESULTS */;
/*!40101 SET @OLD_COLLATION_CONNECTION=@@COLLATION_CONNECTION */;
/*!40101 SET NAMES utf8 */;
/*!40103 SET @OLD_TIME_ZONE=@@TIME_ZONE */;
/*!40103 SET TIME_ZONE='+00:00' */;
/*!40014 SET @OLD_UNIQUE_CHECKS=@@UNIQUE_CHECKS, UNIQUE_CHECKS=0 */;
/*!40014 SET @OLD_FOREIGN_KEY_CHECKS=@@FOREIGN_KEY_CHECKS, FOREIGN_KEY_CHECKS=0 */;
/*!40101 SET @OLD_SQL_MODE=@@SQL_MODE, SQL_MODE='NO_AUTO_VALUE_ON_ZERO' */;
/*!40111 SET @OLD_SQL_NOTES=@@SQL_NOTES, SQL_NOTES=0 */;

--
-- Table structure for table `building`
--

DROP TABLE IF EXISTS `building`;
/*!40101 SET @saved_cs_client     = @@character_set_client */;
/*!40101 SET character_set_client = utf8 */;
CREATE TABLE `building` (
  `id_building` int(11) NOT NULL AUTO_INCREMENT,
  `id_company` int(11) NOT NULL,
  `name` varchar(150) NOT NULL,
  `description` text,
  `id_building_by_api` int(11) DEFAULT NULL,
  PRIMARY KEY (`id_building`),
  KEY `fk_company_id_company_idx` (`id_company`),
  CONSTRAINT `fk_building_company_id_company` FOREIGN KEY (`id_company`) REFERENCES `company` (`id_company`) ON DELETE CASCADE ON UPDATE CASCADE
) ENGINE=InnoDB AUTO_INCREMENT=16 DEFAULT CHARSET=utf8;
/*!40101 SET character_set_client = @saved_cs_client */;

--
-- Dumping data for table `building`
--

LOCK TABLES `building` WRITE;
/*!40000 ALTER TABLE `building` DISABLE KEYS */;
INSERT INTO `building` VALUES (14,8,'Data Center','',2),(15,8,'Teste','',203);
/*!40000 ALTER TABLE `building` ENABLE KEYS */;
UNLOCK TABLES;

--
-- Temporary table structure for view `building_details`
--

DROP TABLE IF EXISTS `building_details`;
/*!50001 DROP VIEW IF EXISTS `building_details`*/;
SET @saved_cs_client     = @@character_set_client;
SET character_set_client = utf8;
/*!50001 CREATE VIEW `building_details` AS SELECT
 1 AS `id_user`,
 1 AS `id_building`,
 1 AS `name_building`,
 1 AS `qtd_switchs`,
 1 AS `qtd_pathpanels`,
 1 AS `qtd_servers`,
 1 AS `qtd_blades`,
 1 AS `qtd_servers_blades`,
 1 AS `qtd_racks`,
 1 AS `qtd_ports_copper_available`,
 1 AS `qtd_ports_copper_used`,
 1 AS `qtd_ports_fiber_available`,
 1 AS `qtd_ports_fiber_used`,
 1 AS `qtd_ports_switch_available`,
 1 AS `qtd_ports_switch_used`*/;
SET character_set_client = @saved_cs_client;

--
-- Temporary table structure for view `building_details_ports`
--

DROP TABLE IF EXISTS `building_details_ports`;
/*!50001 DROP VIEW IF EXISTS `building_details_ports`*/;
SET @saved_cs_client     = @@character_set_client;
SET character_set_client = utf8;
/*!50001 CREATE VIEW `building_details_ports` AS SELECT
 1 AS `id_user`,
 1 AS `id_building`,
 1 AS `name_building`,
 1 AS `qtd_ports_fiber_available`,
 1 AS `qtd_ports_fiber_used`,
 1 AS `qtd_ports_copper_available`,
 1 AS `qtd_ports_copper_used`,
 1 AS `qtd_ports_switch_available`,
 1 AS `qtd_ports_switch_used`*/;
SET character_set_client = @saved_cs_client;

--
-- Table structure for table `company`
--

DROP TABLE IF EXISTS `company`;
/*!40101 SET @saved_cs_client     = @@character_set_client */;
/*!40101 SET character_set_client = utf8 */;
CREATE TABLE `company` (
  `id_company` int(11) NOT NULL AUTO_INCREMENT,
  `id_server` int(11) NOT NULL,
  `name` varchar(150) NOT NULL,
  `description` text,
  `id_company_by_api` int(11) DEFAULT NULL,
  PRIMARY KEY (`id_company`),
  KEY `fk_company_id_server_server_id_server_idx` (`id_server`),
  CONSTRAINT `fk_company_id_server_server_id_server` FOREIGN KEY (`id_server`) REFERENCES `server` (`id_server`) ON DELETE NO ACTION ON UPDATE NO ACTION
) ENGINE=InnoDB AUTO_INCREMENT=9 DEFAULT CHARSET=utf8;
/*!40101 SET character_set_client = @saved_cs_client */;

--
-- Dumping data for table `company`
--

LOCK TABLES `company` WRITE;
/*!40000 ALTER TABLE `company` DISABLE KEYS */;
INSERT INTO `company` VALUES (8,1,'Site','',1);
/*!40000 ALTER TABLE `company` ENABLE KEYS */;
UNLOCK TABLES;

--
-- Table structure for table `electrical_parameters`
--

DROP TABLE IF EXISTS `electrical_parameters`;
/*!40101 SET @saved_cs_client     = @@character_set_client */;
/*!40101 SET character_set_client = utf8 */;
CREATE TABLE `electrical_parameters` (
  `id_electrical_parameter` int(11) NOT NULL AUTO_INCREMENT,
  `potency_indice` double NOT NULL DEFAULT '1',
  PRIMARY KEY (`id_electrical_parameter`)
) ENGINE=InnoDB AUTO_INCREMENT=2 DEFAULT CHARSET=utf8;
/*!40101 SET character_set_client = @saved_cs_client */;

--
-- Dumping data for table `electrical_parameters`
--

LOCK TABLES `electrical_parameters` WRITE;
/*!40000 ALTER TABLE `electrical_parameters` DISABLE KEYS */;
INSERT INTO `electrical_parameters` VALUES (1,1);
/*!40000 ALTER TABLE `electrical_parameters` ENABLE KEYS */;
UNLOCK TABLES;

--
-- Table structure for table `equipament`
--

DROP TABLE IF EXISTS `equipament`;
/*!40101 SET @saved_cs_client     = @@character_set_client */;
/*!40101 SET character_set_client = utf8 */;
CREATE TABLE `equipament` (
  `id_equipament` int(11) NOT NULL AUTO_INCREMENT,
  `id_rack` int(11) NOT NULL,
  `name` varchar(150) NOT NULL,
  `ru_top` int(11) DEFAULT NULL,
  `ru_buttom` int(11) DEFAULT NULL,
  `ru_size` int(11) DEFAULT NULL,
  `description` text,
  `potency_watts_usage` double DEFAULT '0',
  `electrical_sockets_usage` int(11) DEFAULT '0',
  `resource_type_name` varchar(100) DEFAULT NULL,
  `id_equipament_by_api` int(11) DEFAULT NULL,
  `id_equipament_parent` int(11) DEFAULT NULL,
  `created_date` datetime DEFAULT NULL,
  PRIMARY KEY (`id_equipament`),
  KEY `fk_equipament_rack_id_rack_idx` (`id_rack`),
  KEY `fk_equipament_id_equipament_parent_idx` (`id_equipament_parent`),
  CONSTRAINT `fk_equipament_id_equipament_parent` FOREIGN KEY (`id_equipament_parent`) REFERENCES `equipament` (`id_equipament`) ON DELETE CASCADE ON UPDATE CASCADE,
  CONSTRAINT `fk_equipament_rack_id_rack` FOREIGN KEY (`id_rack`) REFERENCES `rack` (`id_rack`) ON DELETE CASCADE ON UPDATE CASCADE
) ENGINE=InnoDB AUTO_INCREMENT=907 DEFAULT CHARSET=utf8;
/*!40101 SET character_set_client = @saved_cs_client */;

--
-- Dumping data for table `equipament`
--

LOCK TABLES `equipament` WRITE;
/*!40000 ALTER TABLE `equipament` DISABLE KEYS */;
INSERT INTO `equipament` VALUES (785,76,'Panel 01',1,1,1,'',0,0,'PatchPanel',34,NULL,'2018-08-02 15:55:18'),(786,76,'Server 01',2,5,4,'',300,2,'DeviceinRack',46,NULL,'2018-08-02 15:58:13'),(787,76,'Server 02',6,6,1,'',150,2,'DeviceinRack',47,NULL,'2018-08-02 15:58:53'),(788,76,'Server 03',7,9,3,'',200,2,'DeviceinRack',48,NULL,'2018-08-02 15:59:36'),(789,76,'Server 04',10,13,4,'',300,2,'DeviceinRack',106,NULL,'2018-08-02 16:08:48'),(790,76,'Server 05',14,14,1,'',150,2,'DeviceinRack',107,NULL,'2018-08-02 16:08:48'),(791,76,'Server 06',15,17,3,'',200,2,'DeviceinRack',108,NULL,'2018-08-02 16:08:48'),(792,76,'Server 07',21,24,4,'',300,2,'DeviceinRack',109,NULL,'2018-08-02 16:08:50'),(793,76,'Server 08',30,30,1,'',150,2,'DeviceinRack',110,NULL,'2018-08-02 16:08:50'),(794,76,'Server 09',32,34,3,'',200,2,'DeviceinRack',111,NULL,'2018-08-02 16:08:50'),(795,76,'Server 10',35,37,3,'',200,2,'DeviceinRack',160,NULL,'2018-08-02 16:10:43'),(796,76,'Server 11',41,44,4,'',300,2,'DeviceinRack',161,NULL,'2018-08-02 16:10:43'),(797,76,'Switch 01',18,18,1,'',0,0,'NetworkEquipment',188,NULL,'2018-08-02 17:36:06'),(798,76,'Teste Porto',19,19,1,NULL,0,0,'DeviceinRack',235,NULL,'2018-09-04 19:41:07'),(799,77,'Panel 01',1,1,1,'',0,0,'PatchPanel',35,NULL,'2018-08-02 15:55:23'),(800,77,'Panel 02',2,2,1,'',0,0,'PatchPanel',36,NULL,'2018-08-02 15:55:33'),(801,77,'Server 12',9,12,4,'',300,2,'DeviceinRack',112,NULL,'2018-08-02 16:08:53'),(802,77,'Server 13',19,19,1,'',150,2,'DeviceinRack',113,NULL,'2018-08-02 16:08:53'),(803,77,'Server 16',29,31,3,'',200,2,'DeviceinRack',114,NULL,'2018-08-02 16:08:53'),(804,77,'Server 14',20,20,1,'',150,2,'DeviceinRack',162,NULL,'2018-08-02 16:10:49'),(805,77,'Server 15',21,21,1,'',150,2,'DeviceinRack',163,NULL,'2018-08-02 16:10:51'),(806,77,'Switch 02',3,3,1,'',0,0,'NetworkEquipment',194,NULL,'2018-08-02 17:39:33'),(807,77,'Teste Porto',4,4,1,NULL,0,0,'DeviceinRack',233,NULL,'2018-09-04 09:22:12'),(808,78,'Panel 01',1,1,1,'',0,0,'PatchPanel',37,NULL,'2018-08-02 15:55:39'),(809,78,'Panel 02',2,2,1,'',0,0,'PatchPanel',38,NULL,'2018-08-02 15:55:46'),(810,78,'Server 17',3,6,4,'',300,2,'DeviceinRack',115,NULL,'2018-08-02 16:08:56'),(811,78,'Server 18',7,7,1,'',150,2,'DeviceinRack',116,NULL,'2018-08-02 16:08:56'),(812,78,'Server 19',8,10,3,'',200,2,'DeviceinRack',117,NULL,'2018-08-02 16:08:56'),(813,78,'Server 20',11,14,4,'',300,2,'DeviceinRack',118,NULL,'2018-08-02 16:08:57'),(814,78,'Server 21',15,15,1,'',150,2,'DeviceinRack',119,NULL,'2018-08-02 16:08:58'),(815,78,'Server 22',16,18,3,'',200,2,'DeviceinRack',120,NULL,'2018-08-02 16:08:58'),(816,78,'Server 23',19,22,4,'',300,2,'DeviceinRack',121,NULL,'2018-08-02 16:08:59'),(817,78,'Server 24',23,23,1,'',150,2,'DeviceinRack',122,NULL,'2018-08-02 16:08:59'),(818,78,'Server 25',24,26,3,'',200,2,'DeviceinRack',123,NULL,'2018-08-02 16:08:59'),(819,78,'Server 26',27,30,4,'',300,2,'DeviceinRack',124,NULL,'2018-08-02 16:09:00'),(820,78,'Server 27',31,31,1,'',150,2,'DeviceinRack',125,NULL,'2018-08-02 16:09:00'),(821,78,'Server 28',34,36,3,'',200,2,'DeviceinRack',126,NULL,'2018-08-02 16:09:00'),(822,78,'Server 30',42,45,4,'',300,2,'DeviceinRack',164,NULL,'2018-08-02 16:11:12'),(823,78,'Server 29',39,39,1,'',150,2,'DeviceinRack',165,NULL,'2018-08-02 16:11:12'),(824,78,'Switch 03',32,32,1,'',0,0,'NetworkEquipment',195,NULL,'2018-08-02 17:39:38'),(825,79,'Panel 01',1,1,1,'',0,0,'PatchPanel',39,NULL,'2018-08-02 15:55:53'),(826,79,'Server 31',2,5,4,'',300,2,'DeviceinRack',127,NULL,'2018-08-02 16:09:07'),(827,79,'Server 32',6,6,1,'',150,2,'DeviceinRack',128,NULL,'2018-08-02 16:09:07'),(828,79,'Server 33',7,9,3,'',200,2,'DeviceinRack',129,NULL,'2018-08-02 16:09:07'),(829,79,'Server 34',10,13,4,'',300,2,'DeviceinRack',130,NULL,'2018-08-02 16:09:09'),(830,79,'Server 35',14,14,1,'',150,2,'DeviceinRack',131,NULL,'2018-08-02 16:09:09'),(831,79,'Server 36',15,17,3,'',200,2,'DeviceinRack',132,NULL,'2018-08-02 16:09:09'),(832,79,'Server 37',18,18,1,'',150,2,'DeviceinRack',166,NULL,'2018-08-02 16:11:23'),(833,79,'Server 38',19,19,1,'',150,2,'DeviceinRack',167,NULL,'2018-08-02 16:11:25'),(834,79,'Server 39',20,20,1,'',150,2,'DeviceinRack',168,NULL,'2018-08-02 16:11:25'),(835,79,'Server 40',21,21,1,'',150,2,'DeviceinRack',169,NULL,'2018-08-02 16:11:27'),(836,79,'Server 41',22,22,1,'',150,2,'DeviceinRack',170,NULL,'2018-08-02 16:11:28'),(837,79,'Switch 04',23,23,1,'',0,0,'NetworkEquipment',196,NULL,'2018-08-02 17:39:41'),(838,80,'Panel 01',1,1,1,'',0,0,'PatchPanel',40,NULL,'2018-08-02 15:56:00'),(839,80,'Panel 02',2,2,1,'',0,0,'PatchPanel',41,NULL,'2018-08-02 15:56:07'),(840,80,'Server 42',3,6,4,'',300,2,'DeviceinRack',133,NULL,'2018-08-02 16:09:11'),(841,80,'Server 43',7,7,1,'',150,2,'DeviceinRack',134,NULL,'2018-08-02 16:09:11'),(842,80,'Server 44',8,10,3,'',200,2,'DeviceinRack',135,NULL,'2018-08-02 16:09:11'),(843,80,'Server 45',11,14,4,'',300,2,'DeviceinRack',136,NULL,'2018-08-02 16:09:12'),(844,80,'Server 46',15,15,1,'',150,2,'DeviceinRack',137,NULL,'2018-08-02 16:09:12'),(845,80,'Server 47',16,18,3,'',200,2,'DeviceinRack',138,NULL,'2018-08-02 16:09:12'),(846,80,'Server 48',19,22,4,'',300,2,'DeviceinRack',139,NULL,'2018-08-02 16:09:14'),(847,80,'Server 49',23,23,1,'',150,2,'DeviceinRack',140,NULL,'2018-08-02 16:09:14'),(848,80,'Server 50',24,26,3,'',200,2,'DeviceinRack',141,NULL,'2018-08-02 16:09:14'),(849,80,'Server 51',27,30,4,'',300,2,'DeviceinRack',142,NULL,'2018-08-02 16:09:15'),(850,80,'Server 52',31,31,1,'',150,2,'DeviceinRack',143,NULL,'2018-08-02 16:09:15'),(851,80,'Server 53',32,34,3,'',200,2,'DeviceinRack',144,NULL,'2018-08-02 16:09:15'),(852,80,'Server 54',35,38,4,'',300,2,'DeviceinRack',145,NULL,'2018-08-02 16:09:17'),(853,80,'Server 55',39,39,1,'',150,2,'DeviceinRack',146,NULL,'2018-08-02 16:09:17'),(854,80,'Server 56',40,42,3,'',200,2,'DeviceinRack',147,NULL,'2018-08-02 16:09:17'),(855,81,'Panel 01',1,1,1,'',0,0,'PatchPanel',42,NULL,'2018-08-02 15:56:13'),(856,81,'Server 57',2,5,4,'',300,2,'DeviceinRack',148,NULL,'2018-08-02 16:10:17'),(857,81,'Server 58',6,6,1,'',150,2,'DeviceinRack',149,NULL,'2018-08-02 16:10:17'),(858,81,'Server 59',7,9,3,'',200,2,'DeviceinRack',150,NULL,'2018-08-02 16:10:17'),(859,81,'Switch 05',10,10,1,'',0,0,'NetworkEquipment',198,NULL,'2018-08-02 17:40:01'),(860,82,'Panel 01',1,1,1,'',0,0,'PatchPanel',43,NULL,'2018-08-02 15:56:19'),(861,82,'Server 60',2,5,4,'',300,2,'DeviceinRack',151,NULL,'2018-08-02 16:10:19'),(862,82,'Server 61',6,6,1,'',150,2,'DeviceinRack',152,NULL,'2018-08-02 16:10:19'),(863,82,'Server 62',7,9,3,'',200,2,'DeviceinRack',153,NULL,'2018-08-02 16:10:19'),(864,82,'Server 63',10,13,4,'',300,2,'DeviceinRack',154,NULL,'2018-08-02 16:10:21'),(865,82,'Server 64',14,14,1,'',150,2,'DeviceinRack',155,NULL,'2018-08-02 16:10:21'),(866,82,'Server 65',15,17,3,'',200,2,'DeviceinRack',156,NULL,'2018-08-02 16:10:21'),(867,82,'Server 66',18,21,4,'',300,2,'DeviceinRack',179,NULL,'2018-08-02 16:14:03'),(868,82,'Server 67',28,31,4,'',300,2,'DeviceinRack',180,NULL,'2018-08-02 16:14:04'),(869,82,'Server 68',34,37,4,'',300,2,'DeviceinRack',181,NULL,'2018-08-02 16:14:06'),(870,82,'Server 69',39,42,4,'',300,2,'DeviceinRack',182,NULL,'2018-08-02 16:14:08'),(871,82,'Switch 06',22,22,1,'',0,0,'NetworkEquipment',199,NULL,'2018-08-02 17:40:04'),(872,83,'Panel 01',1,1,1,'',0,0,'PatchPanel',44,NULL,'2018-08-02 15:56:26'),(873,83,'Panel 02',2,2,1,'',0,0,'PatchPanel',45,NULL,'2018-08-02 15:56:34'),(874,83,'Server 70',3,6,4,'',300,2,'DeviceinRack',157,NULL,'2018-08-02 16:10:24'),(875,83,'Server 72',13,13,1,'',150,2,'DeviceinRack',158,NULL,'2018-08-02 16:10:24'),(876,83,'Server 71',8,10,3,'',200,2,'DeviceinRack',159,NULL,'2018-08-02 16:10:24'),(877,83,'Server 74',15,15,1,'',150,2,'DeviceinRack',183,NULL,'2018-08-02 16:14:22'),(878,83,'Server 73',14,14,1,'',150,2,'DeviceinRack',184,NULL,'2018-08-02 16:14:23'),(879,83,'Server 75',16,18,3,'',200,2,'DeviceinRack',185,NULL,'2018-08-02 16:14:27'),(880,83,'Server 76',26,28,3,'',200,2,'DeviceinRack',186,NULL,'2018-08-02 16:14:29'),(881,84,'Switch 07',1,1,1,'',0,0,'NetworkEquipment',20,NULL,'2018-08-02 15:53:48'),(882,84,'Switch 08',2,2,1,'',0,0,'NetworkEquipment',21,NULL,'2018-08-02 15:53:56'),(883,84,'Switch 09',3,3,1,'',0,0,'NetworkEquipment',187,NULL,'2018-08-02 17:23:29'),(884,85,'Panel 01',1,1,1,'',0,0,'PatchPanel',22,NULL,'2018-08-02 15:54:33'),(885,85,'Panel 02',2,2,1,'',0,0,'PatchPanel',23,NULL,'2018-08-02 15:54:33'),(886,85,'Panel 03',3,3,1,'',0,0,'PatchPanel',24,NULL,'2018-08-02 15:54:33'),(887,85,'Panel 04',4,4,1,'',0,0,'PatchPanel',25,NULL,'2018-08-02 15:54:33'),(888,85,'Panel 05',5,5,1,'',0,0,'PatchPanel',26,NULL,'2018-08-02 15:54:33'),(889,85,'Panel 06',6,6,1,'',0,0,'PatchPanel',27,NULL,'2018-08-02 15:54:33'),(890,85,'Panel 07',7,7,1,'',0,0,'PatchPanel',28,NULL,'2018-08-02 15:54:33'),(891,85,'Panel 08',8,8,1,'',0,0,'PatchPanel',29,NULL,'2018-08-02 15:54:33'),(892,85,'Panel 09',9,9,1,'',0,0,'PatchPanel',30,NULL,'2018-08-02 15:55:08'),(893,85,'Panel 10',10,10,1,'',0,0,'PatchPanel',31,NULL,'2018-08-02 15:55:09'),(894,85,'Panel 11',11,11,1,'',0,0,'PatchPanel',32,NULL,'2018-08-02 15:55:09'),(895,85,'Panel 12',12,12,1,'',0,0,'PatchPanel',33,NULL,'2018-08-02 15:55:09'),(896,86,'Panel 01',1,1,1,'',0,0,'PatchPanel',1241,NULL,'2018-09-26 15:37:41'),(897,86,'Panel 02',2,2,1,'',0,0,'PatchPanel',1257,NULL,'2018-09-26 15:42:05'),(898,86,'Panel 03',3,3,1,'',0,0,'PatchPanel',1262,NULL,'2018-09-26 15:43:39'),(899,87,'Panel 01',1,1,1,'',0,0,'PatchPanel',1281,NULL,'2018-09-26 17:01:54'),(900,88,'Panel 01',1,1,1,'',0,0,'PatchPanel',1251,NULL,'2018-09-26 15:37:51'),(901,89,'Switch 01',1,1,1,'',0,0,'NetworkEquipment',1256,NULL,'2018-09-26 15:38:00'),(902,89,'Switch 02',2,2,1,'',0,0,'NetworkEquipment',1286,NULL,'2018-09-26 18:20:44'),(903,90,'Panel 01',1,1,1,'',0,0,'PatchPanel',1270,NULL,'2018-09-26 16:54:10'),(904,90,'Panel 02',2,2,1,'',0,0,'PatchPanel',1271,NULL,'2018-09-26 16:54:37'),(905,90,'Panel 03',3,3,1,'',0,0,'PatchPanel',1276,NULL,'2018-09-26 16:54:48'),(906,90,'iPatch Manager',11,11,1,'',0,0,'imVisionController',1269,NULL,'2018-09-26 16:20:48');
/*!40000 ALTER TABLE `equipament` ENABLE KEYS */;
UNLOCK TABLES;

--
-- Table structure for table `equipament_ports`
--

DROP TABLE IF EXISTS `equipament_ports`;
/*!40101 SET @saved_cs_client     = @@character_set_client */;
/*!40101 SET character_set_client = utf8 */;
CREATE TABLE `equipament_ports` (
  `id_equipament_port` int(11) NOT NULL AUTO_INCREMENT,
  `id_equipament` int(11) NOT NULL,
  `position` int(11) DEFAULT NULL,
  `name` varchar(45) DEFAULT NULL,
  `description` text,
  `status` int(11) DEFAULT NULL,
  `service` varchar(100) DEFAULT NULL,
  `velocity` varchar(100) DEFAULT NULL,
  `type` varchar(100) DEFAULT NULL,
  `id_slot_by_api` int(11) DEFAULT NULL,
  `slot_name` varchar(100) DEFAULT NULL,
  `slot_description` varchar(100) DEFAULT NULL,
  `id_port_by_api` int(11) DEFAULT NULL,
  PRIMARY KEY (`id_equipament_port`),
  KEY `fk_equipament_switch_equipament_id_equipament` (`id_equipament`),
  CONSTRAINT `fk_equipament_switch_equipament_id_equipament` FOREIGN KEY (`id_equipament`) REFERENCES `equipament` (`id_equipament`) ON DELETE CASCADE ON UPDATE CASCADE
) ENGINE=InnoDB AUTO_INCREMENT=19319 DEFAULT CHARSET=utf8;
/*!40101 SET character_set_client = @saved_cs_client */;

--
-- Dumping data for table `equipament_ports`
--

LOCK TABLES `equipament_ports` WRITE;
/*!40000 ALTER TABLE `equipament_ports` DISABLE KEYS */;
INSERT INTO `equipament_ports` VALUES (16222,785,1,'01','',2,NULL,NULL,'RJ-45',NULL,NULL,NULL,577),(16223,785,2,'02','',2,NULL,NULL,'RJ-45',NULL,NULL,NULL,578),(16224,785,3,'03','',2,NULL,NULL,'RJ-45',NULL,NULL,NULL,579),(16225,785,4,'04','',2,NULL,NULL,'RJ-45',NULL,NULL,NULL,580),(16226,785,5,'05','',2,NULL,NULL,'RJ-45',NULL,NULL,NULL,581),(16227,785,6,'06','',2,NULL,NULL,'RJ-45',NULL,NULL,NULL,582),(16228,785,7,'07','',2,NULL,NULL,'RJ-45',NULL,NULL,NULL,583),(16229,785,8,'08','',2,NULL,NULL,'RJ-45',NULL,NULL,NULL,584),(16230,785,9,'09','',1,NULL,NULL,'RJ-45',NULL,NULL,NULL,585),(16231,785,10,'10','',1,NULL,NULL,'RJ-45',NULL,NULL,NULL,586),(16232,785,11,'11','',2,NULL,NULL,'RJ-45',NULL,NULL,NULL,587),(16233,785,12,'12','',2,NULL,NULL,'RJ-45',NULL,NULL,NULL,588),(16234,785,13,'13','',1,NULL,NULL,'RJ-45',NULL,NULL,NULL,589),(16235,785,14,'14','',2,NULL,NULL,'RJ-45',NULL,NULL,NULL,590),(16236,785,15,'15','',1,NULL,NULL,'RJ-45',NULL,NULL,NULL,591),(16237,785,16,'16','',1,NULL,NULL,'RJ-45',NULL,NULL,NULL,592),(16238,785,17,'17','',2,NULL,NULL,'RJ-45',NULL,NULL,NULL,593),(16239,785,18,'18','',1,NULL,NULL,'RJ-45',NULL,NULL,NULL,594),(16240,785,19,'19','',2,NULL,NULL,'RJ-45',NULL,NULL,NULL,595),(16241,785,20,'20','',2,NULL,NULL,'RJ-45',NULL,NULL,NULL,596),(16242,785,21,'21','',2,NULL,NULL,'RJ-45',NULL,NULL,NULL,597),(16243,785,22,'22','',2,NULL,NULL,'RJ-45',NULL,NULL,NULL,598),(16244,785,23,'23','',2,NULL,NULL,'RJ-45',NULL,NULL,NULL,599),(16245,785,24,'24','',1,NULL,NULL,'RJ-45',NULL,NULL,NULL,600),(16246,786,1,'01','',3,NULL,NULL,'RJ-45',NULL,NULL,NULL,1057),(16247,786,2,'02','',3,NULL,NULL,'RJ-45',NULL,NULL,NULL,1058),(16248,786,3,'03','',3,NULL,NULL,'RJ-45',NULL,NULL,NULL,1059),(16249,786,4,'04','',3,NULL,NULL,'LC',NULL,NULL,NULL,1060),(16250,786,4,'04 B',NULL,3,NULL,NULL,'LC',NULL,NULL,NULL,1061),(16251,786,4,'04 A',NULL,3,NULL,NULL,'LC',NULL,NULL,NULL,1062),(16252,786,5,'05','',3,NULL,NULL,'LC',NULL,NULL,NULL,1063),(16253,786,5,'05 B',NULL,3,NULL,NULL,'LC',NULL,NULL,NULL,1064),(16254,786,5,'05 A',NULL,3,NULL,NULL,'LC',NULL,NULL,NULL,1065),(16255,787,1,'01','',3,NULL,NULL,'RJ-45',NULL,NULL,NULL,1237),(16256,787,2,'02','',3,NULL,NULL,'RJ-45',NULL,NULL,NULL,1238),(16257,787,3,'03','',3,NULL,NULL,'RJ-45',NULL,NULL,NULL,1239),(16258,787,4,'04','',3,NULL,NULL,'RJ-45',NULL,NULL,NULL,1240),(16259,787,5,'05','',3,NULL,NULL,'LC',NULL,NULL,NULL,1241),(16260,787,5,'05 B',NULL,3,NULL,NULL,'LC',NULL,NULL,NULL,1242),(16261,787,5,'05 A',NULL,3,NULL,NULL,'LC',NULL,NULL,NULL,1243),(16262,788,1,'01','',3,NULL,NULL,'RJ-45',NULL,NULL,NULL,1244),(16263,788,2,'02','',3,NULL,NULL,'RJ-45',NULL,NULL,NULL,1245),(16264,788,3,'03','',3,NULL,NULL,'LC',NULL,NULL,NULL,1246),(16265,788,3,'03 B',NULL,3,NULL,NULL,'LC',NULL,NULL,NULL,1247),(16266,788,3,'03 A',NULL,3,NULL,NULL,'LC',NULL,NULL,NULL,1248),(16267,788,4,'04','',3,NULL,NULL,'LC',NULL,NULL,NULL,1249),(16268,788,4,'04 B',NULL,3,NULL,NULL,'LC',NULL,NULL,NULL,1250),(16269,788,4,'04 A',NULL,3,NULL,NULL,'LC',NULL,NULL,NULL,1251),(16270,789,1,'01','',3,NULL,NULL,'RJ-45',NULL,NULL,NULL,1252),(16271,789,2,'02','',3,NULL,NULL,'RJ-45',NULL,NULL,NULL,1253),(16272,789,3,'03','',3,NULL,NULL,'RJ-45',NULL,NULL,NULL,1254),(16273,789,4,'04','',3,NULL,NULL,'LC',NULL,NULL,NULL,1255),(16274,789,4,'04 B',NULL,3,NULL,NULL,'LC',NULL,NULL,NULL,1256),(16275,789,4,'04 A',NULL,3,NULL,NULL,'LC',NULL,NULL,NULL,1257),(16276,789,5,'05','',3,NULL,NULL,'LC',NULL,NULL,NULL,1258),(16277,789,5,'05 B',NULL,3,NULL,NULL,'LC',NULL,NULL,NULL,1259),(16278,789,5,'05 A',NULL,3,NULL,NULL,'LC',NULL,NULL,NULL,1260),(16279,790,1,'01','',3,NULL,NULL,'RJ-45',NULL,NULL,NULL,1261),(16280,790,2,'02','',3,NULL,NULL,'RJ-45',NULL,NULL,NULL,1262),(16281,790,3,'03','',3,NULL,NULL,'RJ-45',NULL,NULL,NULL,1263),(16282,790,4,'04','',3,NULL,NULL,'RJ-45',NULL,NULL,NULL,1264),(16283,790,5,'05','',3,NULL,NULL,'LC',NULL,NULL,NULL,1265),(16284,790,5,'05 B',NULL,3,NULL,NULL,'LC',NULL,NULL,NULL,1266),(16285,790,5,'05 A',NULL,3,NULL,NULL,'LC',NULL,NULL,NULL,1267),(16286,791,1,'01','',3,NULL,NULL,'RJ-45',NULL,NULL,NULL,1268),(16287,791,2,'02','',3,NULL,NULL,'RJ-45',NULL,NULL,NULL,1269),(16288,791,3,'03','',3,NULL,NULL,'LC',NULL,NULL,NULL,1270),(16289,791,3,'03 B',NULL,3,NULL,NULL,'LC',NULL,NULL,NULL,1271),(16290,791,3,'03 A',NULL,3,NULL,NULL,'LC',NULL,NULL,NULL,1272),(16291,791,4,'04','',3,NULL,NULL,'LC',NULL,NULL,NULL,1273),(16292,791,4,'04 B',NULL,3,NULL,NULL,'LC',NULL,NULL,NULL,1274),(16293,791,4,'04 A',NULL,3,NULL,NULL,'LC',NULL,NULL,NULL,1275),(16294,792,1,'01','',3,NULL,NULL,'RJ-45',NULL,NULL,NULL,1276),(16295,792,2,'02','',3,NULL,NULL,'RJ-45',NULL,NULL,NULL,1277),(16296,792,3,'03','',3,NULL,NULL,'RJ-45',NULL,NULL,NULL,1278),(16297,792,4,'04','',3,NULL,NULL,'LC',NULL,NULL,NULL,1279),(16298,792,4,'04 B',NULL,3,NULL,NULL,'LC',NULL,NULL,NULL,1280),(16299,792,4,'04 A',NULL,3,NULL,NULL,'LC',NULL,NULL,NULL,1281),(16300,792,5,'05','',3,NULL,NULL,'LC',NULL,NULL,NULL,1282),(16301,792,5,'05 B',NULL,3,NULL,NULL,'LC',NULL,NULL,NULL,1283),(16302,792,5,'05 A',NULL,3,NULL,NULL,'LC',NULL,NULL,NULL,1284),(16303,793,1,'01','',3,NULL,NULL,'RJ-45',NULL,NULL,NULL,1285),(16304,793,2,'02','',3,NULL,NULL,'RJ-45',NULL,NULL,NULL,1286),(16305,793,3,'03','',3,NULL,NULL,'RJ-45',NULL,NULL,NULL,1287),(16306,793,4,'04','',3,NULL,NULL,'RJ-45',NULL,NULL,NULL,1288),(16307,793,5,'05','',3,NULL,NULL,'LC',NULL,NULL,NULL,1289),(16308,793,5,'05 B',NULL,3,NULL,NULL,'LC',NULL,NULL,NULL,1290),(16309,793,5,'05 A',NULL,3,NULL,NULL,'LC',NULL,NULL,NULL,1291),(16310,794,1,'01','',3,NULL,NULL,'RJ-45',NULL,NULL,NULL,1292),(16311,794,2,'02','',3,NULL,NULL,'RJ-45',NULL,NULL,NULL,1293),(16312,794,3,'03','',3,NULL,NULL,'LC',NULL,NULL,NULL,1294),(16313,794,3,'03 B',NULL,3,NULL,NULL,'LC',NULL,NULL,NULL,1295),(16314,794,3,'03 A',NULL,3,NULL,NULL,'LC',NULL,NULL,NULL,1296),(16315,794,4,'04','',3,NULL,NULL,'LC',NULL,NULL,NULL,1297),(16316,794,4,'04 B',NULL,3,NULL,NULL,'LC',NULL,NULL,NULL,1298),(16317,794,4,'04 A',NULL,3,NULL,NULL,'LC',NULL,NULL,NULL,1299),(16318,795,1,'01','',3,NULL,NULL,'RJ-45',NULL,NULL,NULL,1684),(16319,795,2,'02','',3,NULL,NULL,'RJ-45',NULL,NULL,NULL,1685),(16320,795,3,'03','',3,NULL,NULL,'LC',NULL,NULL,NULL,1686),(16321,795,3,'03 B',NULL,3,NULL,NULL,'LC',NULL,NULL,NULL,1687),(16322,795,3,'03 A',NULL,3,NULL,NULL,'LC',NULL,NULL,NULL,1688),(16323,795,4,'04','',3,NULL,NULL,'LC',NULL,NULL,NULL,1689),(16324,795,4,'04 B',NULL,3,NULL,NULL,'LC',NULL,NULL,NULL,1690),(16325,795,4,'04 A',NULL,3,NULL,NULL,'LC',NULL,NULL,NULL,1691),(16326,796,1,'01','',3,NULL,NULL,'RJ-45',NULL,NULL,NULL,1692),(16327,796,2,'02','',3,NULL,NULL,'RJ-45',NULL,NULL,NULL,1693),(16328,796,3,'03','',3,NULL,NULL,'RJ-45',NULL,NULL,NULL,1694),(16329,796,4,'04','',3,NULL,NULL,'LC',NULL,NULL,NULL,1695),(16330,796,4,'04 B',NULL,3,NULL,NULL,'LC',NULL,NULL,NULL,1696),(16331,796,4,'04 A',NULL,3,NULL,NULL,'LC',NULL,NULL,NULL,1697),(16332,796,5,'05','',3,NULL,NULL,'LC',NULL,NULL,NULL,1698),(16333,796,5,'05 B',NULL,3,NULL,NULL,'LC',NULL,NULL,NULL,1699),(16334,796,5,'05 A',NULL,3,NULL,NULL,'LC',NULL,NULL,NULL,1700),(16335,797,1,'01','',2,'Privada AB',NULL,'RJ-45',NULL,NULL,NULL,2042),(16336,797,2,'02','',2,'Privada AB',NULL,'RJ-45',NULL,NULL,NULL,2043),(16337,797,3,'03','',2,'Privada AB',NULL,'RJ-45',NULL,NULL,NULL,2044),(16338,797,4,'04','',2,'Privada AB',NULL,'RJ-45',NULL,NULL,NULL,2045),(16339,797,5,'05','',2,'Privada AB',NULL,'RJ-45',NULL,NULL,NULL,2046),(16340,797,6,'06','',2,'Privada AB',NULL,'RJ-45',NULL,NULL,NULL,2047),(16341,797,7,'07','',2,'Privada AB',NULL,'RJ-45',NULL,NULL,NULL,2048),(16342,797,8,'08','',2,'Privada AB',NULL,'RJ-45',NULL,NULL,NULL,2049),(16343,797,9,'09','',2,'Privada AB',NULL,'RJ-45',NULL,NULL,NULL,2050),(16344,797,10,'10','',2,'Privada AB',NULL,'RJ-45',NULL,NULL,NULL,2051),(16345,797,11,'11','',2,'Privada AB',NULL,'RJ-45',NULL,NULL,NULL,2052),(16346,797,12,'12','',2,'Privada AB',NULL,'RJ-45',NULL,NULL,NULL,2053),(16347,797,13,'13','',2,'Privada AB',NULL,'RJ-45',NULL,NULL,NULL,2054),(16348,797,14,'14','',2,'Privada AB',NULL,'RJ-45',NULL,NULL,NULL,2055),(16349,797,15,'15','',2,'Privada AB',NULL,'RJ-45',NULL,NULL,NULL,2056),(16350,797,16,'16','',1,'LAN A','1G','RJ-45',NULL,NULL,NULL,2057),(16351,797,17,'17','',1,'LAN A','10G','RJ-45',NULL,NULL,NULL,2058),(16352,797,18,'18','',1,NULL,NULL,'RJ-45',NULL,NULL,NULL,2059),(16353,797,19,'19','',1,NULL,NULL,'RJ-45',NULL,NULL,NULL,2060),(16354,797,20,'20','',1,NULL,NULL,'RJ-45',NULL,NULL,NULL,2061),(16355,797,21,'21','',1,NULL,NULL,'RJ-45',NULL,NULL,NULL,2062),(16356,797,22,'22','',1,NULL,NULL,'RJ-45',NULL,NULL,NULL,2063),(16357,797,23,'23','',1,NULL,NULL,'RJ-45',NULL,NULL,NULL,2064),(16358,797,24,'24','',1,NULL,NULL,'RJ-45',NULL,NULL,NULL,2065),(16359,797,25,'25','',1,NULL,NULL,'RJ-45',NULL,NULL,NULL,2066),(16360,797,26,'26','',1,NULL,NULL,'RJ-45',NULL,NULL,NULL,2067),(16361,797,27,'27','',1,NULL,NULL,'RJ-45',NULL,NULL,NULL,2068),(16362,797,28,'28','',1,'Privada AB','1G','RJ-45',NULL,NULL,NULL,2069),(16363,797,29,'29','',1,'Privada AB','10G','RJ-45',NULL,NULL,NULL,2070),(16364,797,30,'30','',1,NULL,NULL,'RJ-45',NULL,NULL,NULL,2071),(16365,797,31,'31','',1,NULL,NULL,'RJ-45',NULL,NULL,NULL,2072),(16366,797,32,'32','',1,NULL,NULL,'RJ-45',NULL,NULL,NULL,2073),(16367,797,33,'33','',1,NULL,NULL,'RJ-45',NULL,NULL,NULL,2074),(16368,797,34,'34','',1,NULL,NULL,'RJ-45',NULL,NULL,NULL,2075),(16369,797,35,'35','',1,NULL,NULL,'RJ-45',NULL,NULL,NULL,2076),(16370,797,36,'36','',1,NULL,NULL,'RJ-45',NULL,NULL,NULL,2077),(16371,797,37,'37','',1,NULL,NULL,'RJ-45',NULL,NULL,NULL,2078),(16372,797,38,'38','',1,NULL,NULL,'RJ-45',NULL,NULL,NULL,2079),(16373,797,39,'39','',1,NULL,NULL,'RJ-45',NULL,NULL,NULL,2080),(16374,797,40,'40','',1,NULL,NULL,'RJ-45',NULL,NULL,NULL,2081),(16375,797,41,'41','',1,NULL,NULL,'RJ-45',NULL,NULL,NULL,2082),(16376,797,42,'42','',1,NULL,NULL,'RJ-45',NULL,NULL,NULL,2083),(16377,797,43,'43','',1,NULL,NULL,'RJ-45',NULL,NULL,NULL,2084),(16378,797,44,'44','',1,NULL,NULL,'RJ-45',NULL,NULL,NULL,2085),(16379,797,45,'45','',1,NULL,NULL,'RJ-45',NULL,NULL,NULL,2086),(16380,797,46,'46','',1,NULL,NULL,'RJ-45',NULL,NULL,NULL,2087),(16381,797,47,'47','',1,NULL,NULL,'RJ-45',NULL,NULL,NULL,2088),(16382,797,48,'48','',1,NULL,NULL,'RJ-45',NULL,NULL,NULL,2089),(16383,797,49,'49','',2,'FO A',NULL,'LC',NULL,NULL,NULL,2090),(16384,797,49,'49 B',NULL,2,'FO A',NULL,'LC',NULL,NULL,NULL,2091),(16385,797,49,'49 A',NULL,2,'FO A',NULL,'LC',NULL,NULL,NULL,2092),(16386,797,50,'50','',2,'FO A',NULL,'LC',NULL,NULL,NULL,2093),(16387,797,50,'50 B',NULL,2,'FO A',NULL,'LC',NULL,NULL,NULL,2094),(16388,797,50,'50 A',NULL,2,'FO A',NULL,'LC',NULL,NULL,NULL,2095),(16389,797,51,'51','',2,'FO A',NULL,'LC',NULL,NULL,NULL,2096),(16390,797,51,'51 B',NULL,2,'FO A',NULL,'LC',NULL,NULL,NULL,2097),(16391,797,51,'51 A',NULL,2,'FO A',NULL,'LC',NULL,NULL,NULL,2098),(16392,797,52,'52','',2,'FO A',NULL,'LC',NULL,NULL,NULL,2099),(16393,797,52,'52 B',NULL,2,'FO A',NULL,'LC',NULL,NULL,NULL,2100),(16394,797,52,'52 A',NULL,2,'FO A',NULL,'LC',NULL,NULL,NULL,2101),(16395,797,53,'53','',1,'FO A','1G','LC',NULL,NULL,NULL,2102),(16396,797,53,'53 B',NULL,1,'FO A','1G','LC',NULL,NULL,NULL,2103),(16397,797,53,'53 A',NULL,1,'FO A','1G','LC',NULL,NULL,NULL,2104),(16398,797,54,'54','',2,'FO A',NULL,'LC',NULL,NULL,NULL,2105),(16399,797,54,'54 B',NULL,2,'FO A',NULL,'LC',NULL,NULL,NULL,2106),(16400,797,54,'54 A',NULL,2,'FO A',NULL,'LC',NULL,NULL,NULL,2107),(16401,797,55,'55','',2,'FO A',NULL,'LC',NULL,NULL,NULL,2108),(16402,797,55,'55 B',NULL,2,'FO A',NULL,'LC',NULL,NULL,NULL,2109),(16403,797,55,'55 A',NULL,2,'FO A',NULL,'LC',NULL,NULL,NULL,2110),(16404,797,56,'56','',2,'FO A',NULL,'LC',NULL,NULL,NULL,2111),(16405,797,56,'56 B',NULL,2,'FO A',NULL,'LC',NULL,NULL,NULL,2112),(16406,797,56,'56 A',NULL,2,'FO A',NULL,'LC',NULL,NULL,NULL,2113),(16407,797,57,'57','',1,NULL,NULL,'LC',NULL,NULL,NULL,2114),(16408,797,57,'57 B',NULL,1,NULL,NULL,'LC',NULL,NULL,NULL,2115),(16409,797,57,'57 A',NULL,1,NULL,NULL,'LC',NULL,NULL,NULL,2116),(16410,797,58,'58','',2,'FO A',NULL,'LC',NULL,NULL,NULL,2117),(16411,797,58,'58 B',NULL,2,'FO A',NULL,'LC',NULL,NULL,NULL,2118),(16412,797,58,'58 A',NULL,2,'FO A',NULL,'LC',NULL,NULL,NULL,2119),(16413,797,59,'59','',2,'FO A',NULL,'LC',NULL,NULL,NULL,2120),(16414,797,59,'59 B',NULL,2,'FO A',NULL,'LC',NULL,NULL,NULL,2121),(16415,797,59,'59 A',NULL,2,'FO A',NULL,'LC',NULL,NULL,NULL,2122),(16416,797,60,'60','',1,NULL,NULL,'LC',NULL,NULL,NULL,2123),(16417,797,60,'60 B',NULL,1,NULL,NULL,'LC',NULL,NULL,NULL,2124),(16418,797,60,'60 A',NULL,1,NULL,NULL,'LC',NULL,NULL,NULL,2125),(16419,798,1,'1','',3,NULL,NULL,'LC',NULL,NULL,NULL,3145),(16420,798,1,'1 A','',3,NULL,NULL,'LC',NULL,NULL,NULL,3146),(16421,798,1,'1 B','',3,NULL,NULL,'LC',NULL,NULL,NULL,3147),(16422,798,2,'2','',3,NULL,NULL,'RJ-45',NULL,NULL,NULL,3148),(16423,798,3,'3','',3,NULL,NULL,'RJ-45',NULL,NULL,NULL,3149),(16424,799,1,'01','',2,NULL,NULL,'RJ-45',NULL,NULL,NULL,601),(16425,799,2,'02','',2,NULL,NULL,'RJ-45',NULL,NULL,NULL,602),(16426,799,3,'03','',2,NULL,NULL,'RJ-45',NULL,NULL,NULL,603),(16427,799,4,'04','',1,NULL,NULL,'RJ-45',NULL,NULL,NULL,604),(16428,799,5,'05','',1,NULL,NULL,'RJ-45',NULL,NULL,NULL,605),(16429,799,6,'06','',1,NULL,NULL,'RJ-45',NULL,NULL,NULL,606),(16430,799,7,'07','',2,NULL,NULL,'RJ-45',NULL,NULL,NULL,607),(16431,799,8,'08','',2,NULL,NULL,'RJ-45',NULL,NULL,NULL,608),(16432,799,9,'09','',2,NULL,NULL,'RJ-45',NULL,NULL,NULL,609),(16433,799,10,'10','',2,NULL,NULL,'RJ-45',NULL,NULL,NULL,610),(16434,799,11,'11','',1,NULL,NULL,'RJ-45',NULL,NULL,NULL,611),(16435,799,12,'12','',1,NULL,NULL,'RJ-45',NULL,NULL,NULL,612),(16436,799,13,'13','',1,NULL,NULL,'RJ-45',NULL,NULL,NULL,613),(16437,799,14,'14','',1,NULL,NULL,'RJ-45',NULL,NULL,NULL,614),(16438,799,15,'15','',1,NULL,NULL,'RJ-45',NULL,NULL,NULL,615),(16439,799,16,'16','',2,NULL,NULL,'RJ-45',NULL,NULL,NULL,616),(16440,799,17,'17','',2,NULL,NULL,'RJ-45',NULL,NULL,NULL,617),(16441,799,18,'18','',2,NULL,NULL,'RJ-45',NULL,NULL,NULL,618),(16442,799,19,'19','',1,NULL,NULL,'RJ-45',NULL,NULL,NULL,619),(16443,799,20,'20','',1,NULL,NULL,'RJ-45',NULL,NULL,NULL,620),(16444,799,21,'21','',2,NULL,NULL,'RJ-45',NULL,NULL,NULL,621),(16445,799,22,'22','',2,NULL,NULL,'RJ-45',NULL,NULL,NULL,622),(16446,799,23,'23','',2,NULL,NULL,'RJ-45',NULL,NULL,NULL,623),(16447,799,24,'24','',1,NULL,NULL,'RJ-45',NULL,NULL,NULL,624),(16448,800,1,'01','',2,NULL,NULL,'LC',NULL,NULL,NULL,625),(16449,800,2,'02','',2,NULL,NULL,'LC',NULL,NULL,NULL,626),(16450,800,3,'03','',2,NULL,NULL,'LC',NULL,NULL,NULL,627),(16451,800,4,'04','',2,NULL,NULL,'LC',NULL,NULL,NULL,628),(16452,800,5,'05','',2,NULL,NULL,'LC',NULL,NULL,NULL,629),(16453,800,6,'06','',2,NULL,NULL,'LC',NULL,NULL,NULL,630),(16454,800,7,'07','',1,NULL,NULL,'LC',NULL,NULL,NULL,631),(16455,800,8,'08','',1,NULL,NULL,'LC',NULL,NULL,NULL,632),(16456,800,9,'09','',1,NULL,NULL,'LC',NULL,NULL,NULL,633),(16457,800,10,'10','',1,NULL,NULL,'LC',NULL,NULL,NULL,634),(16458,800,11,'11','',1,NULL,NULL,'LC',NULL,NULL,NULL,635),(16459,800,12,'12','',1,NULL,NULL,'LC',NULL,NULL,NULL,636),(16460,800,13,'13','',1,NULL,NULL,'LC',NULL,NULL,NULL,637),(16461,800,14,'14','',1,NULL,NULL,'LC',NULL,NULL,NULL,638),(16462,800,15,'15','',1,NULL,NULL,'LC',NULL,NULL,NULL,639),(16463,800,16,'16','',1,NULL,NULL,'LC',NULL,NULL,NULL,640),(16464,800,17,'17','',1,NULL,NULL,'LC',NULL,NULL,NULL,641),(16465,800,18,'18','',2,NULL,NULL,'LC',NULL,NULL,NULL,642),(16466,800,19,'19','',1,NULL,NULL,'LC',NULL,NULL,NULL,643),(16467,800,20,'20','',1,NULL,NULL,'LC',NULL,NULL,NULL,644),(16468,800,21,'21','',1,NULL,NULL,'LC',NULL,NULL,NULL,645),(16469,800,22,'22','',1,NULL,NULL,'LC',NULL,NULL,NULL,646),(16470,800,23,'23','',1,NULL,NULL,'LC',NULL,NULL,NULL,647),(16471,800,24,'24','',1,NULL,NULL,'LC',NULL,NULL,NULL,648),(16472,800,1,'01 B','',2,NULL,NULL,'LC',NULL,NULL,NULL,649),(16473,800,1,'01 A','',2,NULL,NULL,'LC',NULL,NULL,NULL,650),(16474,800,2,'02 B','',2,NULL,NULL,'LC',NULL,NULL,NULL,651),(16475,800,2,'02 A','',2,NULL,NULL,'LC',NULL,NULL,NULL,652),(16476,800,3,'03 B','',2,NULL,NULL,'LC',NULL,NULL,NULL,653),(16477,800,3,'03 A','',2,NULL,NULL,'LC',NULL,NULL,NULL,654),(16478,800,4,'04 B','',2,NULL,NULL,'LC',NULL,NULL,NULL,655),(16479,800,4,'04 A','',2,NULL,NULL,'LC',NULL,NULL,NULL,656),(16480,800,5,'05 B','',2,NULL,NULL,'LC',NULL,NULL,NULL,657),(16481,800,5,'05 A','',2,NULL,NULL,'LC',NULL,NULL,NULL,658),(16482,800,6,'06 B','',2,NULL,NULL,'LC',NULL,NULL,NULL,659),(16483,800,6,'06 A','',2,NULL,NULL,'LC',NULL,NULL,NULL,660),(16484,800,7,'07 B','',1,NULL,NULL,'LC',NULL,NULL,NULL,661),(16485,800,7,'07 A','',1,NULL,NULL,'LC',NULL,NULL,NULL,662),(16486,800,8,'08 B','',1,NULL,NULL,'LC',NULL,NULL,NULL,663),(16487,800,8,'08 A','',1,NULL,NULL,'LC',NULL,NULL,NULL,664),(16488,800,9,'09 B','',1,NULL,NULL,'LC',NULL,NULL,NULL,665),(16489,800,9,'09 A','',1,NULL,NULL,'LC',NULL,NULL,NULL,666),(16490,800,10,'10 B','',1,NULL,NULL,'LC',NULL,NULL,NULL,667),(16491,800,10,'10 A','',1,NULL,NULL,'LC',NULL,NULL,NULL,668),(16492,800,11,'11 B','',1,NULL,NULL,'LC',NULL,NULL,NULL,669),(16493,800,11,'11 A','',1,NULL,NULL,'LC',NULL,NULL,NULL,670),(16494,800,12,'12 B','',1,NULL,NULL,'LC',NULL,NULL,NULL,671),(16495,800,12,'12 A','',1,NULL,NULL,'LC',NULL,NULL,NULL,672),(16496,800,13,'13 B','',1,NULL,NULL,'LC',NULL,NULL,NULL,673),(16497,800,13,'13 A','',1,NULL,NULL,'LC',NULL,NULL,NULL,674),(16498,800,14,'14 B','',1,NULL,NULL,'LC',NULL,NULL,NULL,675),(16499,800,14,'14 A','',1,NULL,NULL,'LC',NULL,NULL,NULL,676),(16500,800,15,'15 B','',1,NULL,NULL,'LC',NULL,NULL,NULL,677),(16501,800,15,'15 A','',1,NULL,NULL,'LC',NULL,NULL,NULL,678),(16502,800,16,'16 B','',1,NULL,NULL,'LC',NULL,NULL,NULL,679),(16503,800,16,'16 A','',1,NULL,NULL,'LC',NULL,NULL,NULL,680),(16504,800,17,'17 B','',1,NULL,NULL,'LC',NULL,NULL,NULL,681),(16505,800,17,'17 A','',1,NULL,NULL,'LC',NULL,NULL,NULL,682),(16506,800,18,'18 B','',2,NULL,NULL,'LC',NULL,NULL,NULL,683),(16507,800,18,'18 A','',2,NULL,NULL,'LC',NULL,NULL,NULL,684),(16508,800,19,'19 B','',1,NULL,NULL,'LC',NULL,NULL,NULL,685),(16509,800,19,'19 A','',1,NULL,NULL,'LC',NULL,NULL,NULL,686),(16510,800,20,'20 B','',1,NULL,NULL,'LC',NULL,NULL,NULL,687),(16511,800,20,'20 A','',1,NULL,NULL,'LC',NULL,NULL,NULL,688),(16512,800,21,'21 B','',1,NULL,NULL,'LC',NULL,NULL,NULL,689),(16513,800,21,'21 A','',1,NULL,NULL,'LC',NULL,NULL,NULL,690),(16514,800,22,'22 B','',1,NULL,NULL,'LC',NULL,NULL,NULL,691),(16515,800,22,'22 A','',1,NULL,NULL,'LC',NULL,NULL,NULL,692),(16516,800,23,'23 B','',1,NULL,NULL,'LC',NULL,NULL,NULL,693),(16517,800,23,'23 A','',1,NULL,NULL,'LC',NULL,NULL,NULL,694),(16518,800,24,'24 B','',1,NULL,NULL,'LC',NULL,NULL,NULL,695),(16519,800,24,'24 A','',1,NULL,NULL,'LC',NULL,NULL,NULL,696),(16520,801,1,'01','',3,NULL,NULL,'RJ-45',NULL,NULL,NULL,1300),(16521,801,2,'02','',3,NULL,NULL,'RJ-45',NULL,NULL,NULL,1301),(16522,801,3,'03','',3,NULL,NULL,'RJ-45',NULL,NULL,NULL,1302),(16523,801,4,'04','',3,NULL,NULL,'LC',NULL,NULL,NULL,1303),(16524,801,4,'04 B',NULL,3,NULL,NULL,'LC',NULL,NULL,NULL,1304),(16525,801,4,'04 A',NULL,3,NULL,NULL,'LC',NULL,NULL,NULL,1305),(16526,801,5,'05','',3,NULL,NULL,'LC',NULL,NULL,NULL,1306),(16527,801,5,'05 B',NULL,3,NULL,NULL,'LC',NULL,NULL,NULL,1307),(16528,801,5,'05 A',NULL,3,NULL,NULL,'LC',NULL,NULL,NULL,1308),(16529,802,1,'01','',3,NULL,NULL,'RJ-45',NULL,NULL,NULL,1309),(16530,802,2,'02','',3,NULL,NULL,'RJ-45',NULL,NULL,NULL,1310),(16531,802,3,'03','',3,NULL,NULL,'RJ-45',NULL,NULL,NULL,1311),(16532,802,4,'04','',3,NULL,NULL,'RJ-45',NULL,NULL,NULL,1312),(16533,802,5,'05','',3,NULL,NULL,'LC',NULL,NULL,NULL,1313),(16534,802,5,'05 B',NULL,3,NULL,NULL,'LC',NULL,NULL,NULL,1314),(16535,802,5,'05 A',NULL,3,NULL,NULL,'LC',NULL,NULL,NULL,1315),(16536,803,1,'01','',3,NULL,NULL,'RJ-45',NULL,NULL,NULL,1316),(16537,803,2,'02','',3,NULL,NULL,'RJ-45',NULL,NULL,NULL,1317),(16538,803,3,'03','',3,NULL,NULL,'LC',NULL,NULL,NULL,1318),(16539,803,3,'03 B',NULL,3,NULL,NULL,'LC',NULL,NULL,NULL,1319),(16540,803,3,'03 A',NULL,3,NULL,NULL,'LC',NULL,NULL,NULL,1320),(16541,803,4,'04','',3,NULL,NULL,'LC',NULL,NULL,NULL,1321),(16542,803,4,'04 B',NULL,3,NULL,NULL,'LC',NULL,NULL,NULL,1322),(16543,803,4,'04 A',NULL,3,NULL,NULL,'LC',NULL,NULL,NULL,1323),(16544,804,1,'01','',3,NULL,NULL,'RJ-45',NULL,NULL,NULL,1701),(16545,804,2,'02','',3,NULL,NULL,'RJ-45',NULL,NULL,NULL,1702),(16546,804,3,'03','',3,NULL,NULL,'RJ-45',NULL,NULL,NULL,1703),(16547,804,4,'04','',3,NULL,NULL,'RJ-45',NULL,NULL,NULL,1704),(16548,804,5,'05','',3,NULL,NULL,'LC',NULL,NULL,NULL,1705),(16549,804,5,'05 B',NULL,3,NULL,NULL,'LC',NULL,NULL,NULL,1706),(16550,804,5,'05 A',NULL,3,NULL,NULL,'LC',NULL,NULL,NULL,1707),(16551,805,1,'01','',3,NULL,NULL,'RJ-45',NULL,NULL,NULL,1708),(16552,805,2,'02','',3,NULL,NULL,'RJ-45',NULL,NULL,NULL,1709),(16553,805,3,'03','',3,NULL,NULL,'RJ-45',NULL,NULL,NULL,1710),(16554,805,4,'04','',3,NULL,NULL,'RJ-45',NULL,NULL,NULL,1711),(16555,805,5,'05','',3,NULL,NULL,'LC',NULL,NULL,NULL,1712),(16556,805,5,'05 B',NULL,3,NULL,NULL,'LC',NULL,NULL,NULL,1713),(16557,805,5,'05 A',NULL,3,NULL,NULL,'LC',NULL,NULL,NULL,1714),(16558,806,1,'01','',2,'LAN A','1G','RJ-45',NULL,NULL,NULL,2546),(16559,806,2,'02','',2,'LAN A',NULL,'RJ-45',NULL,NULL,NULL,2547),(16560,806,3,'03','',2,'LAN A',NULL,'RJ-45',NULL,NULL,NULL,2548),(16561,806,4,'04','',2,'LAN A',NULL,'RJ-45',NULL,NULL,NULL,2549),(16562,806,5,'05','',1,NULL,'1G','RJ-45',NULL,NULL,NULL,2550),(16563,806,6,'06','',1,NULL,'1G','RJ-45',NULL,NULL,NULL,2551),(16564,806,7,'07','',1,NULL,NULL,'RJ-45',NULL,NULL,NULL,2552),(16565,806,8,'08','',1,NULL,NULL,'RJ-45',NULL,NULL,NULL,2553),(16566,806,9,'09','',1,NULL,NULL,'RJ-45',NULL,NULL,NULL,2554),(16567,806,10,'10','',1,NULL,NULL,'RJ-45',NULL,NULL,NULL,2555),(16568,806,11,'11','',1,NULL,NULL,'RJ-45',NULL,NULL,NULL,2556),(16569,806,12,'12','',1,NULL,NULL,'RJ-45',NULL,NULL,NULL,2557),(16570,806,13,'13','',1,NULL,NULL,'RJ-45',NULL,NULL,NULL,2558),(16571,806,14,'14','',1,NULL,NULL,'RJ-45',NULL,NULL,NULL,2559),(16572,806,15,'15','',1,NULL,NULL,'RJ-45',NULL,NULL,NULL,2560),(16573,806,16,'16','',1,NULL,NULL,'RJ-45',NULL,NULL,NULL,2561),(16574,806,17,'17','',1,NULL,NULL,'RJ-45',NULL,NULL,NULL,2562),(16575,806,18,'18','',1,NULL,NULL,'RJ-45',NULL,NULL,NULL,2563),(16576,806,19,'19','',1,NULL,NULL,'RJ-45',NULL,NULL,NULL,2564),(16577,806,20,'20','',1,NULL,NULL,'RJ-45',NULL,NULL,NULL,2565),(16578,806,21,'21','',1,NULL,NULL,'RJ-45',NULL,NULL,NULL,2566),(16579,806,22,'22','',1,NULL,NULL,'RJ-45',NULL,NULL,NULL,2567),(16580,806,23,'23','',1,NULL,NULL,'RJ-45',NULL,NULL,NULL,2568),(16581,806,24,'24','',1,NULL,NULL,'RJ-45',NULL,NULL,NULL,2569),(16582,806,25,'25','',1,NULL,NULL,'RJ-45',NULL,NULL,NULL,2570),(16583,806,26,'26','',1,NULL,NULL,'RJ-45',NULL,NULL,NULL,2571),(16584,806,27,'27','',1,NULL,NULL,'RJ-45',NULL,NULL,NULL,2572),(16585,806,28,'28','',1,NULL,NULL,'RJ-45',NULL,NULL,NULL,2573),(16586,806,29,'29','',1,NULL,NULL,'RJ-45',NULL,NULL,NULL,2574),(16587,806,30,'30','',1,NULL,NULL,'RJ-45',NULL,NULL,NULL,2575),(16588,806,31,'31','',1,NULL,NULL,'RJ-45',NULL,NULL,NULL,2576),(16589,806,32,'32','',1,NULL,NULL,'RJ-45',NULL,NULL,NULL,2577),(16590,806,33,'33','',1,NULL,NULL,'RJ-45',NULL,NULL,NULL,2578),(16591,806,34,'34','',1,NULL,NULL,'RJ-45',NULL,NULL,NULL,2579),(16592,806,35,'35','',1,NULL,NULL,'RJ-45',NULL,NULL,NULL,2580),(16593,806,36,'36','',1,NULL,NULL,'RJ-45',NULL,NULL,NULL,2581),(16594,806,37,'37','',1,NULL,NULL,'RJ-45',NULL,NULL,NULL,2582),(16595,806,38,'38','',1,NULL,NULL,'RJ-45',NULL,NULL,NULL,2583),(16596,806,39,'39','',1,NULL,NULL,'RJ-45',NULL,NULL,NULL,2584),(16597,806,40,'40','',1,NULL,NULL,'RJ-45',NULL,NULL,NULL,2585),(16598,806,41,'41','',1,NULL,NULL,'RJ-45',NULL,NULL,NULL,2586),(16599,806,42,'42','',1,NULL,NULL,'RJ-45',NULL,NULL,NULL,2587),(16600,806,43,'43','',1,NULL,NULL,'RJ-45',NULL,NULL,NULL,2588),(16601,806,44,'44','',1,NULL,NULL,'RJ-45',NULL,NULL,NULL,2589),(16602,806,45,'45','',1,NULL,NULL,'RJ-45',NULL,NULL,NULL,2590),(16603,806,46,'46','',1,NULL,NULL,'RJ-45',NULL,NULL,NULL,2591),(16604,806,47,'47','',1,NULL,NULL,'RJ-45',NULL,NULL,NULL,2592),(16605,806,48,'48','',1,NULL,NULL,'RJ-45',NULL,NULL,NULL,2593),(16606,806,49,'49','',2,'FO A',NULL,'LC',NULL,NULL,NULL,2594),(16607,806,49,'49 B',NULL,2,'FO A',NULL,'LC',NULL,NULL,NULL,2595),(16608,806,49,'49 A',NULL,2,'FO A',NULL,'LC',NULL,NULL,NULL,2596),(16609,806,50,'50','',1,NULL,'40G','LC',NULL,NULL,NULL,2597),(16610,806,50,'50 B',NULL,1,NULL,'40G','LC',NULL,NULL,NULL,2598),(16611,806,50,'50 A',NULL,1,NULL,'40G','LC',NULL,NULL,NULL,2599),(16612,806,51,'51','',2,'FO A',NULL,'LC',NULL,NULL,NULL,2600),(16613,806,51,'51 B',NULL,2,'FO A',NULL,'LC',NULL,NULL,NULL,2601),(16614,806,51,'51 A',NULL,2,'FO A',NULL,'LC',NULL,NULL,NULL,2602),(16615,806,52,'52','',1,NULL,NULL,'LC',NULL,NULL,NULL,2603),(16616,806,52,'52 B',NULL,1,NULL,NULL,'LC',NULL,NULL,NULL,2604),(16617,806,52,'52 A',NULL,1,NULL,NULL,'LC',NULL,NULL,NULL,2605),(16618,806,53,'53','',2,'FO A',NULL,'LC',NULL,NULL,NULL,2606),(16619,806,53,'53 B',NULL,2,'FO A',NULL,'LC',NULL,NULL,NULL,2607),(16620,806,53,'53 A',NULL,2,'FO A',NULL,'LC',NULL,NULL,NULL,2608),(16621,806,54,'54','',1,NULL,NULL,'LC',NULL,NULL,NULL,2609),(16622,806,54,'54 B',NULL,1,NULL,NULL,'LC',NULL,NULL,NULL,2610),(16623,806,54,'54 A',NULL,1,NULL,NULL,'LC',NULL,NULL,NULL,2611),(16624,806,55,'55','',1,NULL,NULL,'LC',NULL,NULL,NULL,2612),(16625,806,55,'55 B',NULL,1,NULL,NULL,'LC',NULL,NULL,NULL,2613),(16626,806,55,'55 A',NULL,1,NULL,NULL,'LC',NULL,NULL,NULL,2614),(16627,806,56,'56','',1,NULL,NULL,'LC',NULL,NULL,NULL,2615),(16628,806,56,'56 B',NULL,1,NULL,NULL,'LC',NULL,NULL,NULL,2616),(16629,806,56,'56 A',NULL,1,NULL,NULL,'LC',NULL,NULL,NULL,2617),(16630,806,57,'57','',1,NULL,NULL,'LC',NULL,NULL,NULL,2618),(16631,806,57,'57 B',NULL,1,NULL,NULL,'LC',NULL,NULL,NULL,2619),(16632,806,57,'57 A',NULL,1,NULL,NULL,'LC',NULL,NULL,NULL,2620),(16633,806,58,'58','',1,NULL,NULL,'LC',NULL,NULL,NULL,2621),(16634,806,58,'58 B',NULL,1,NULL,NULL,'LC',NULL,NULL,NULL,2622),(16635,806,58,'58 A',NULL,1,NULL,NULL,'LC',NULL,NULL,NULL,2623),(16636,806,59,'59','',1,NULL,NULL,'LC',NULL,NULL,NULL,2624),(16637,806,59,'59 B',NULL,1,NULL,NULL,'LC',NULL,NULL,NULL,2625),(16638,806,59,'59 A',NULL,1,NULL,NULL,'LC',NULL,NULL,NULL,2626),(16639,806,60,'60','',1,NULL,NULL,'LC',NULL,NULL,NULL,2627),(16640,806,60,'60 B',NULL,1,NULL,NULL,'LC',NULL,NULL,NULL,2628),(16641,806,60,'60 A',NULL,1,NULL,NULL,'LC',NULL,NULL,NULL,2629),(16642,807,1,'1','',3,NULL,NULL,'LC',NULL,NULL,NULL,3140),(16643,807,1,'1 A','',3,NULL,NULL,'LC',NULL,NULL,NULL,3141),(16644,807,1,'1 B','',3,NULL,NULL,'LC',NULL,NULL,NULL,3142),(16645,807,2,'2','',3,NULL,NULL,'RJ-45',NULL,NULL,NULL,3143),(16646,807,3,'3','',3,NULL,NULL,'RJ-45',NULL,NULL,NULL,3144),(16647,808,1,'01','',1,NULL,NULL,'RJ-45',NULL,NULL,NULL,697),(16648,808,2,'02','',2,NULL,NULL,'RJ-45',NULL,NULL,NULL,698),(16649,808,3,'03','',2,NULL,NULL,'RJ-45',NULL,NULL,NULL,699),(16650,808,4,'04','',2,NULL,NULL,'RJ-45',NULL,NULL,NULL,700),(16651,808,5,'05','',2,NULL,NULL,'RJ-45',NULL,NULL,NULL,701),(16652,808,6,'06','',2,NULL,NULL,'RJ-45',NULL,NULL,NULL,702),(16653,808,7,'07','',2,NULL,NULL,'RJ-45',NULL,NULL,NULL,703),(16654,808,8,'08','',2,NULL,NULL,'RJ-45',NULL,NULL,NULL,704),(16655,808,9,'09','',1,NULL,NULL,'RJ-45',NULL,NULL,NULL,705),(16656,808,10,'10','',2,NULL,NULL,'RJ-45',NULL,NULL,NULL,706),(16657,808,11,'11','',1,NULL,NULL,'RJ-45',NULL,NULL,NULL,707),(16658,808,12,'12','',1,NULL,NULL,'RJ-45',NULL,NULL,NULL,708),(16659,808,13,'13','',2,NULL,NULL,'RJ-45',NULL,NULL,NULL,709),(16660,808,14,'14','',2,NULL,NULL,'RJ-45',NULL,NULL,NULL,710),(16661,808,15,'15','',1,NULL,NULL,'RJ-45',NULL,NULL,NULL,711),(16662,808,16,'16','',1,NULL,NULL,'RJ-45',NULL,NULL,NULL,712),(16663,808,17,'17','',1,NULL,NULL,'RJ-45',NULL,NULL,NULL,713),(16664,808,18,'18','',2,NULL,NULL,'RJ-45',NULL,NULL,NULL,714),(16665,808,19,'19','',1,NULL,NULL,'RJ-45',NULL,NULL,NULL,715),(16666,808,20,'20','',2,NULL,NULL,'RJ-45',NULL,NULL,NULL,716),(16667,808,21,'21','',1,NULL,NULL,'RJ-45',NULL,NULL,NULL,717),(16668,808,22,'22','',1,NULL,NULL,'RJ-45',NULL,NULL,NULL,718),(16669,808,23,'23','',2,NULL,NULL,'RJ-45',NULL,NULL,NULL,719),(16670,808,24,'24','',2,NULL,NULL,'RJ-45',NULL,NULL,NULL,720),(16671,809,1,'01','',2,NULL,NULL,'LC',NULL,NULL,NULL,721),(16672,809,2,'02','',2,NULL,NULL,'LC',NULL,NULL,NULL,722),(16673,809,3,'03','',2,NULL,NULL,'LC',NULL,NULL,NULL,723),(16674,809,4,'04','',2,NULL,NULL,'LC',NULL,NULL,NULL,724),(16675,809,5,'05','',2,NULL,NULL,'LC',NULL,NULL,NULL,725),(16676,809,6,'06','',2,NULL,NULL,'LC',NULL,NULL,NULL,726),(16677,809,7,'07','',2,NULL,NULL,'LC',NULL,NULL,NULL,727),(16678,809,8,'08','',2,NULL,NULL,'LC',NULL,NULL,NULL,728),(16679,809,9,'09','',2,NULL,NULL,'LC',NULL,NULL,NULL,729),(16680,809,10,'10','',2,NULL,NULL,'LC',NULL,NULL,NULL,730),(16681,809,11,'11','',2,NULL,NULL,'LC',NULL,NULL,NULL,731),(16682,809,12,'12','',2,NULL,NULL,'LC',NULL,NULL,NULL,732),(16683,809,13,'13','',2,NULL,NULL,'LC',NULL,NULL,NULL,733),(16684,809,14,'14','',2,NULL,NULL,'LC',NULL,NULL,NULL,734),(16685,809,15,'15','',2,NULL,NULL,'LC',NULL,NULL,NULL,735),(16686,809,16,'16','',2,NULL,NULL,'LC',NULL,NULL,NULL,736),(16687,809,17,'17','',1,NULL,NULL,'LC',NULL,NULL,NULL,737),(16688,809,18,'18','',1,NULL,NULL,'LC',NULL,NULL,NULL,738),(16689,809,19,'19','',1,NULL,NULL,'LC',NULL,NULL,NULL,739),(16690,809,20,'20','',1,NULL,NULL,'LC',NULL,NULL,NULL,740),(16691,809,21,'21','',1,NULL,NULL,'LC',NULL,NULL,NULL,741),(16692,809,22,'22','',1,NULL,NULL,'LC',NULL,NULL,NULL,742),(16693,809,23,'23','',1,NULL,NULL,'LC',NULL,NULL,NULL,743),(16694,809,24,'24','',1,NULL,NULL,'LC',NULL,NULL,NULL,744),(16695,809,1,'01 B','',2,NULL,NULL,'LC',NULL,NULL,NULL,745),(16696,809,1,'01 A','',2,NULL,NULL,'LC',NULL,NULL,NULL,746),(16697,809,2,'02 B','',2,NULL,NULL,'LC',NULL,NULL,NULL,747),(16698,809,2,'02 A','',2,NULL,NULL,'LC',NULL,NULL,NULL,748),(16699,809,3,'03 B','',2,NULL,NULL,'LC',NULL,NULL,NULL,749),(16700,809,3,'03 A','',2,NULL,NULL,'LC',NULL,NULL,NULL,750),(16701,809,4,'04 B','',2,NULL,NULL,'LC',NULL,NULL,NULL,751),(16702,809,4,'04 A','',2,NULL,NULL,'LC',NULL,NULL,NULL,752),(16703,809,5,'05 B','',2,NULL,NULL,'LC',NULL,NULL,NULL,753),(16704,809,5,'05 A','',2,NULL,NULL,'LC',NULL,NULL,NULL,754),(16705,809,6,'06 B','',2,NULL,NULL,'LC',NULL,NULL,NULL,755),(16706,809,6,'06 A','',2,NULL,NULL,'LC',NULL,NULL,NULL,756),(16707,809,7,'07 B','',2,NULL,NULL,'LC',NULL,NULL,NULL,757),(16708,809,7,'07 A','',2,NULL,NULL,'LC',NULL,NULL,NULL,758),(16709,809,8,'08 B','',2,NULL,NULL,'LC',NULL,NULL,NULL,759),(16710,809,8,'08 A','',2,NULL,NULL,'LC',NULL,NULL,NULL,760),(16711,809,9,'09 B','',2,NULL,NULL,'LC',NULL,NULL,NULL,761),(16712,809,9,'09 A','',2,NULL,NULL,'LC',NULL,NULL,NULL,762),(16713,809,10,'10 B','',2,NULL,NULL,'LC',NULL,NULL,NULL,763),(16714,809,10,'10 A','',2,NULL,NULL,'LC',NULL,NULL,NULL,764),(16715,809,11,'11 B','',2,NULL,NULL,'LC',NULL,NULL,NULL,765),(16716,809,11,'11 A','',2,NULL,NULL,'LC',NULL,NULL,NULL,766),(16717,809,12,'12 B','',2,NULL,NULL,'LC',NULL,NULL,NULL,767),(16718,809,12,'12 A','',2,NULL,NULL,'LC',NULL,NULL,NULL,768),(16719,809,13,'13 B','',2,NULL,NULL,'LC',NULL,NULL,NULL,769),(16720,809,13,'13 A','',2,NULL,NULL,'LC',NULL,NULL,NULL,770),(16721,809,14,'14 B','',2,NULL,NULL,'LC',NULL,NULL,NULL,771),(16722,809,14,'14 A','',2,NULL,NULL,'LC',NULL,NULL,NULL,772),(16723,809,15,'15 B','',2,NULL,NULL,'LC',NULL,NULL,NULL,773),(16724,809,15,'15 A','',2,NULL,NULL,'LC',NULL,NULL,NULL,774),(16725,809,16,'16 B','',2,NULL,NULL,'LC',NULL,NULL,NULL,775),(16726,809,16,'16 A','',2,NULL,NULL,'LC',NULL,NULL,NULL,776),(16727,809,17,'17 B','',1,NULL,NULL,'LC',NULL,NULL,NULL,777),(16728,809,17,'17 A','',1,NULL,NULL,'LC',NULL,NULL,NULL,778),(16729,809,18,'18 B','',1,NULL,NULL,'LC',NULL,NULL,NULL,779),(16730,809,18,'18 A','',1,NULL,NULL,'LC',NULL,NULL,NULL,780),(16731,809,19,'19 B','',1,NULL,NULL,'LC',NULL,NULL,NULL,781),(16732,809,19,'19 A','',1,NULL,NULL,'LC',NULL,NULL,NULL,782),(16733,809,20,'20 B','',1,NULL,NULL,'LC',NULL,NULL,NULL,783),(16734,809,20,'20 A','',1,NULL,NULL,'LC',NULL,NULL,NULL,784),(16735,809,21,'21 B','',1,NULL,NULL,'LC',NULL,NULL,NULL,785),(16736,809,21,'21 A','',1,NULL,NULL,'LC',NULL,NULL,NULL,786),(16737,809,22,'22 B','',1,NULL,NULL,'LC',NULL,NULL,NULL,787),(16738,809,22,'22 A','',1,NULL,NULL,'LC',NULL,NULL,NULL,788),(16739,809,23,'23 B','',1,NULL,NULL,'LC',NULL,NULL,NULL,789),(16740,809,23,'23 A','',1,NULL,NULL,'LC',NULL,NULL,NULL,790),(16741,809,24,'24 B','',1,NULL,NULL,'LC',NULL,NULL,NULL,791),(16742,809,24,'24 A','',1,NULL,NULL,'LC',NULL,NULL,NULL,792),(16743,810,1,'01','',3,NULL,NULL,'RJ-45',NULL,NULL,NULL,1324),(16744,810,2,'02','',3,NULL,NULL,'RJ-45',NULL,NULL,NULL,1325),(16745,810,3,'03','',3,NULL,NULL,'RJ-45',NULL,NULL,NULL,1326),(16746,810,4,'04','',3,NULL,NULL,'LC',NULL,NULL,NULL,1327),(16747,810,4,'04 B',NULL,3,NULL,NULL,'LC',NULL,NULL,NULL,1328),(16748,810,4,'04 A',NULL,3,NULL,NULL,'LC',NULL,NULL,NULL,1329),(16749,810,5,'05','',3,NULL,NULL,'LC',NULL,NULL,NULL,1330),(16750,810,5,'05 B',NULL,3,NULL,NULL,'LC',NULL,NULL,NULL,1331),(16751,810,5,'05 A',NULL,3,NULL,NULL,'LC',NULL,NULL,NULL,1332),(16752,811,1,'01','',3,NULL,NULL,'RJ-45',NULL,NULL,NULL,1333),(16753,811,2,'02','',3,NULL,NULL,'RJ-45',NULL,NULL,NULL,1334),(16754,811,3,'03','',3,NULL,NULL,'RJ-45',NULL,NULL,NULL,1335),(16755,811,4,'04','',3,NULL,NULL,'RJ-45',NULL,NULL,NULL,1336),(16756,811,5,'05','',3,NULL,NULL,'LC',NULL,NULL,NULL,1337),(16757,811,5,'05 B',NULL,3,NULL,NULL,'LC',NULL,NULL,NULL,1338),(16758,811,5,'05 A',NULL,3,NULL,NULL,'LC',NULL,NULL,NULL,1339),(16759,812,1,'01','',3,NULL,NULL,'RJ-45',NULL,NULL,NULL,1340),(16760,812,2,'02','',3,NULL,NULL,'RJ-45',NULL,NULL,NULL,1341),(16761,812,3,'03','',3,NULL,NULL,'LC',NULL,NULL,NULL,1342),(16762,812,3,'03 B',NULL,3,NULL,NULL,'LC',NULL,NULL,NULL,1343),(16763,812,3,'03 A',NULL,3,NULL,NULL,'LC',NULL,NULL,NULL,1344),(16764,812,4,'04','',3,NULL,NULL,'LC',NULL,NULL,NULL,1345),(16765,812,4,'04 B',NULL,3,NULL,NULL,'LC',NULL,NULL,NULL,1346),(16766,812,4,'04 A',NULL,3,NULL,NULL,'LC',NULL,NULL,NULL,1347),(16767,813,1,'01','',3,NULL,NULL,'RJ-45',NULL,NULL,NULL,1348),(16768,813,2,'02','',3,NULL,NULL,'RJ-45',NULL,NULL,NULL,1349),(16769,813,3,'03','',3,NULL,NULL,'RJ-45',NULL,NULL,NULL,1350),(16770,813,4,'04','',3,NULL,NULL,'LC',NULL,NULL,NULL,1351),(16771,813,4,'04 B',NULL,3,NULL,NULL,'LC',NULL,NULL,NULL,1352),(16772,813,4,'04 A',NULL,3,NULL,NULL,'LC',NULL,NULL,NULL,1353),(16773,813,5,'05','',3,NULL,NULL,'LC',NULL,NULL,NULL,1354),(16774,813,5,'05 B',NULL,3,NULL,NULL,'LC',NULL,NULL,NULL,1355),(16775,813,5,'05 A',NULL,3,NULL,NULL,'LC',NULL,NULL,NULL,1356),(16776,814,1,'01','',3,NULL,NULL,'RJ-45',NULL,NULL,NULL,1357),(16777,814,2,'02','',3,NULL,NULL,'RJ-45',NULL,NULL,NULL,1358),(16778,814,3,'03','',3,NULL,NULL,'RJ-45',NULL,NULL,NULL,1359),(16779,814,4,'04','',3,NULL,NULL,'RJ-45',NULL,NULL,NULL,1360),(16780,814,5,'05','',3,NULL,NULL,'LC',NULL,NULL,NULL,1361),(16781,814,5,'05 B',NULL,3,NULL,NULL,'LC',NULL,NULL,NULL,1362),(16782,814,5,'05 A',NULL,3,NULL,NULL,'LC',NULL,NULL,NULL,1363),(16783,815,1,'01','',3,NULL,NULL,'RJ-45',NULL,NULL,NULL,1364),(16784,815,2,'02','',3,NULL,NULL,'RJ-45',NULL,NULL,NULL,1365),(16785,815,3,'03','',3,NULL,NULL,'LC',NULL,NULL,NULL,1366),(16786,815,3,'03 B',NULL,3,NULL,NULL,'LC',NULL,NULL,NULL,1367),(16787,815,3,'03 A',NULL,3,NULL,NULL,'LC',NULL,NULL,NULL,1368),(16788,815,4,'04','',3,NULL,NULL,'LC',NULL,NULL,NULL,1369),(16789,815,4,'04 B',NULL,3,NULL,NULL,'LC',NULL,NULL,NULL,1370),(16790,815,4,'04 A',NULL,3,NULL,NULL,'LC',NULL,NULL,NULL,1371),(16791,816,1,'01','',3,NULL,NULL,'RJ-45',NULL,NULL,NULL,1372),(16792,816,2,'02','',3,NULL,NULL,'RJ-45',NULL,NULL,NULL,1373),(16793,816,3,'03','',3,NULL,NULL,'RJ-45',NULL,NULL,NULL,1374),(16794,816,4,'04','',3,NULL,NULL,'LC',NULL,NULL,NULL,1375),(16795,816,4,'04 B',NULL,3,NULL,NULL,'LC',NULL,NULL,NULL,1376),(16796,816,4,'04 A',NULL,3,NULL,NULL,'LC',NULL,NULL,NULL,1377),(16797,816,5,'05','',3,NULL,NULL,'LC',NULL,NULL,NULL,1378),(16798,816,5,'05 B',NULL,3,NULL,NULL,'LC',NULL,NULL,NULL,1379),(16799,816,5,'05 A',NULL,3,NULL,NULL,'LC',NULL,NULL,NULL,1380),(16800,817,1,'01','',3,NULL,NULL,'RJ-45',NULL,NULL,NULL,1381),(16801,817,2,'02','',3,NULL,NULL,'RJ-45',NULL,NULL,NULL,1382),(16802,817,3,'03','',3,NULL,NULL,'RJ-45',NULL,NULL,NULL,1383),(16803,817,4,'04','',3,NULL,NULL,'RJ-45',NULL,NULL,NULL,1384),(16804,817,5,'05','',3,NULL,NULL,'LC',NULL,NULL,NULL,1385),(16805,817,5,'05 B',NULL,3,NULL,NULL,'LC',NULL,NULL,NULL,1386),(16806,817,5,'05 A',NULL,3,NULL,NULL,'LC',NULL,NULL,NULL,1387),(16807,818,1,'01','',3,NULL,NULL,'RJ-45',NULL,NULL,NULL,1388),(16808,818,2,'02','',3,NULL,NULL,'RJ-45',NULL,NULL,NULL,1389),(16809,818,3,'03','',3,NULL,NULL,'LC',NULL,NULL,NULL,1390),(16810,818,3,'03 B',NULL,3,NULL,NULL,'LC',NULL,NULL,NULL,1391),(16811,818,3,'03 A',NULL,3,NULL,NULL,'LC',NULL,NULL,NULL,1392),(16812,818,4,'04','',3,NULL,NULL,'LC',NULL,NULL,NULL,1393),(16813,818,4,'04 B',NULL,3,NULL,NULL,'LC',NULL,NULL,NULL,1394),(16814,818,4,'04 A',NULL,3,NULL,NULL,'LC',NULL,NULL,NULL,1395),(16815,819,1,'01','',3,NULL,NULL,'RJ-45',NULL,NULL,NULL,1396),(16816,819,2,'02','',3,NULL,NULL,'RJ-45',NULL,NULL,NULL,1397),(16817,819,3,'03','',3,NULL,NULL,'RJ-45',NULL,NULL,NULL,1398),(16818,819,4,'04','',3,NULL,NULL,'LC',NULL,NULL,NULL,1399),(16819,819,4,'04 B',NULL,3,NULL,NULL,'LC',NULL,NULL,NULL,1400),(16820,819,4,'04 A',NULL,3,NULL,NULL,'LC',NULL,NULL,NULL,1401),(16821,819,5,'05','',3,NULL,NULL,'LC',NULL,NULL,NULL,1402),(16822,819,5,'05 B',NULL,3,NULL,NULL,'LC',NULL,NULL,NULL,1403),(16823,819,5,'05 A',NULL,3,NULL,NULL,'LC',NULL,NULL,NULL,1404),(16824,820,1,'01','',3,NULL,NULL,'RJ-45',NULL,NULL,NULL,1405),(16825,820,2,'02','',3,NULL,NULL,'RJ-45',NULL,NULL,NULL,1406),(16826,820,3,'03','',3,NULL,NULL,'RJ-45',NULL,NULL,NULL,1407),(16827,820,4,'04','',3,NULL,NULL,'RJ-45',NULL,NULL,NULL,1408),(16828,820,5,'05','',3,NULL,NULL,'LC',NULL,NULL,NULL,1409),(16829,820,5,'05 B',NULL,3,NULL,NULL,'LC',NULL,NULL,NULL,1410),(16830,820,5,'05 A',NULL,3,NULL,NULL,'LC',NULL,NULL,NULL,1411),(16831,821,1,'01','',3,NULL,NULL,'RJ-45',NULL,NULL,NULL,1412),(16832,821,2,'02','',3,NULL,NULL,'RJ-45',NULL,NULL,NULL,1413),(16833,821,3,'03','',3,NULL,NULL,'LC',NULL,NULL,NULL,1414),(16834,821,3,'03 B',NULL,3,NULL,NULL,'LC',NULL,NULL,NULL,1415),(16835,821,3,'03 A',NULL,3,NULL,NULL,'LC',NULL,NULL,NULL,1416),(16836,821,4,'04','',3,NULL,NULL,'LC',NULL,NULL,NULL,1417),(16837,821,4,'04 B',NULL,3,NULL,NULL,'LC',NULL,NULL,NULL,1418),(16838,821,4,'04 A',NULL,3,NULL,NULL,'LC',NULL,NULL,NULL,1419),(16839,822,1,'01','',3,NULL,NULL,'RJ-45',NULL,NULL,NULL,1715),(16840,822,2,'02','',3,NULL,NULL,'RJ-45',NULL,NULL,NULL,1716),(16841,822,3,'03','',3,NULL,NULL,'RJ-45',NULL,NULL,NULL,1717),(16842,822,4,'04','',3,NULL,NULL,'LC',NULL,NULL,NULL,1718),(16843,822,4,'04 B',NULL,3,NULL,NULL,'LC',NULL,NULL,NULL,1719),(16844,822,4,'04 A',NULL,3,NULL,NULL,'LC',NULL,NULL,NULL,1720),(16845,822,5,'05','',3,NULL,NULL,'LC',NULL,NULL,NULL,1721),(16846,822,5,'05 B',NULL,3,NULL,NULL,'LC',NULL,NULL,NULL,1722),(16847,822,5,'05 A',NULL,3,NULL,NULL,'LC',NULL,NULL,NULL,1723),(16848,823,1,'01','',3,NULL,NULL,'RJ-45',NULL,NULL,NULL,1724),(16849,823,2,'02','',3,NULL,NULL,'RJ-45',NULL,NULL,NULL,1725),(16850,823,3,'03','',3,NULL,NULL,'RJ-45',NULL,NULL,NULL,1726),(16851,823,4,'04','',3,NULL,NULL,'RJ-45',NULL,NULL,NULL,1727),(16852,823,5,'05','',3,NULL,NULL,'LC',NULL,NULL,NULL,1728),(16853,823,5,'05 B',NULL,3,NULL,NULL,'LC',NULL,NULL,NULL,1729),(16854,823,5,'05 A',NULL,3,NULL,NULL,'LC',NULL,NULL,NULL,1730),(16855,824,1,'01','',2,'Privada AB',NULL,'RJ-45',NULL,NULL,NULL,2630),(16856,824,2,'02','',2,'Privada AB',NULL,'RJ-45',NULL,NULL,NULL,2631),(16857,824,3,'03','',2,'Privada AB',NULL,'RJ-45',NULL,NULL,NULL,2632),(16858,824,4,'04','',2,'Privada AB',NULL,'RJ-45',NULL,NULL,NULL,2633),(16859,824,5,'05','',2,'Privada AB',NULL,'RJ-45',NULL,NULL,NULL,2634),(16860,824,6,'06','',2,'Privada AB',NULL,'RJ-45',NULL,NULL,NULL,2635),(16861,824,7,'07','',2,'Privada AB',NULL,'RJ-45',NULL,NULL,NULL,2636),(16862,824,8,'08','',2,'Privada AB',NULL,'RJ-45',NULL,NULL,NULL,2637),(16863,824,9,'09','',2,'Privada AB',NULL,'RJ-45',NULL,NULL,NULL,2638),(16864,824,10,'10','',2,'Privada AB',NULL,'RJ-45',NULL,NULL,NULL,2639),(16865,824,11,'11','',2,'Privada AB',NULL,'RJ-45',NULL,NULL,NULL,2640),(16866,824,12,'12','',2,'Privada AB',NULL,'RJ-45',NULL,NULL,NULL,2641),(16867,824,13,'13','',2,'Privada AB',NULL,'RJ-45',NULL,NULL,NULL,2642),(16868,824,14,'14','',2,'Privada AB',NULL,'RJ-45',NULL,NULL,NULL,2643),(16869,824,15,'15','',2,'Privada AB',NULL,'RJ-45',NULL,NULL,NULL,2644),(16870,824,16,'16','',2,'Privada AB',NULL,'RJ-45',NULL,NULL,NULL,2645),(16871,824,17,'17','',2,'Privada AB',NULL,'RJ-45',NULL,NULL,NULL,2646),(16872,824,18,'18','',2,'Privada AB',NULL,'RJ-45',NULL,NULL,NULL,2647),(16873,824,19,'19','',2,'Privada AB',NULL,'RJ-45',NULL,NULL,NULL,2648),(16874,824,20,'20','',2,'Privada AB',NULL,'RJ-45',NULL,NULL,NULL,2649),(16875,824,21,'21','',2,'Privada AB',NULL,'RJ-45',NULL,NULL,NULL,2650),(16876,824,22,'22','',2,'Privada AB',NULL,'RJ-45',NULL,NULL,NULL,2651),(16877,824,23,'23','',2,'Privada AB',NULL,'RJ-45',NULL,NULL,NULL,2652),(16878,824,24,'24','',2,'Privada AB',NULL,'RJ-45',NULL,NULL,NULL,2653),(16879,824,25,'25','',2,'LAN A',NULL,'RJ-45',NULL,NULL,NULL,2654),(16880,824,26,'26','',2,'LAN A',NULL,'RJ-45',NULL,NULL,NULL,2655),(16881,824,27,'27','',2,'LAN A',NULL,'RJ-45',NULL,NULL,NULL,2656),(16882,824,28,'28','',2,'LAN A',NULL,'RJ-45',NULL,NULL,NULL,2657),(16883,824,29,'29','',2,'LAN A',NULL,'RJ-45',NULL,NULL,NULL,2658),(16884,824,30,'30','',1,NULL,NULL,'RJ-45',NULL,NULL,NULL,2659),(16885,824,31,'31','',1,NULL,NULL,'RJ-45',NULL,NULL,NULL,2660),(16886,824,32,'32','',1,NULL,NULL,'RJ-45',NULL,NULL,NULL,2661),(16887,824,33,'33','',1,NULL,NULL,'RJ-45',NULL,NULL,NULL,2662),(16888,824,34,'34','',1,NULL,NULL,'RJ-45',NULL,NULL,NULL,2663),(16889,824,35,'35','',1,NULL,NULL,'RJ-45',NULL,NULL,NULL,2664),(16890,824,36,'36','',1,NULL,NULL,'RJ-45',NULL,NULL,NULL,2665),(16891,824,37,'37','',1,NULL,NULL,'RJ-45',NULL,NULL,NULL,2666),(16892,824,38,'38','',1,NULL,NULL,'RJ-45',NULL,NULL,NULL,2667),(16893,824,39,'39','',1,NULL,NULL,'RJ-45',NULL,NULL,NULL,2668),(16894,824,40,'40','',1,NULL,NULL,'RJ-45',NULL,NULL,NULL,2669),(16895,824,41,'41','',1,NULL,NULL,'RJ-45',NULL,NULL,NULL,2670),(16896,824,42,'42','',1,NULL,NULL,'RJ-45',NULL,NULL,NULL,2671),(16897,824,43,'43','',1,NULL,NULL,'RJ-45',NULL,NULL,NULL,2672),(16898,824,44,'44','',1,NULL,NULL,'RJ-45',NULL,NULL,NULL,2673),(16899,824,45,'45','',1,NULL,NULL,'RJ-45',NULL,NULL,NULL,2674),(16900,824,46,'46','',1,NULL,NULL,'RJ-45',NULL,NULL,NULL,2675),(16901,824,47,'47','',1,NULL,NULL,'RJ-45',NULL,NULL,NULL,2676),(16902,824,48,'48','',1,NULL,NULL,'RJ-45',NULL,NULL,NULL,2677),(16903,824,49,'49','',2,'FO A',NULL,'LC',NULL,NULL,NULL,2678),(16904,824,49,'49 B',NULL,2,'FO A',NULL,'LC',NULL,NULL,NULL,2679),(16905,824,49,'49 A',NULL,2,'FO A',NULL,'LC',NULL,NULL,NULL,2680),(16906,824,50,'50','',1,NULL,NULL,'LC',NULL,NULL,NULL,2681),(16907,824,50,'50 B',NULL,1,NULL,NULL,'LC',NULL,NULL,NULL,2682),(16908,824,50,'50 A',NULL,1,NULL,NULL,'LC',NULL,NULL,NULL,2683),(16909,824,51,'51','',1,NULL,NULL,'LC',NULL,NULL,NULL,2684),(16910,824,51,'51 B',NULL,1,NULL,NULL,'LC',NULL,NULL,NULL,2685),(16911,824,51,'51 A',NULL,1,NULL,NULL,'LC',NULL,NULL,NULL,2686),(16912,824,52,'52','',1,NULL,NULL,'LC',NULL,NULL,NULL,2687),(16913,824,52,'52 B',NULL,1,NULL,NULL,'LC',NULL,NULL,NULL,2688),(16914,824,52,'52 A',NULL,1,NULL,NULL,'LC',NULL,NULL,NULL,2689),(16915,824,53,'53','',2,'FO A',NULL,'LC',NULL,NULL,NULL,2690),(16916,824,53,'53 B',NULL,2,'FO A',NULL,'LC',NULL,NULL,NULL,2691),(16917,824,53,'53 A',NULL,2,'FO A',NULL,'LC',NULL,NULL,NULL,2692),(16918,824,54,'54','',1,NULL,NULL,'LC',NULL,NULL,NULL,2693),(16919,824,54,'54 B',NULL,1,NULL,NULL,'LC',NULL,NULL,NULL,2694),(16920,824,54,'54 A',NULL,1,NULL,NULL,'LC',NULL,NULL,NULL,2695),(16921,824,55,'55','',1,NULL,NULL,'LC',NULL,NULL,NULL,2696),(16922,824,55,'55 B',NULL,1,NULL,NULL,'LC',NULL,NULL,NULL,2697),(16923,824,55,'55 A',NULL,1,NULL,NULL,'LC',NULL,NULL,NULL,2698),(16924,824,56,'56','',2,'FO A',NULL,'LC',NULL,NULL,NULL,2699),(16925,824,56,'56 B',NULL,2,'FO A',NULL,'LC',NULL,NULL,NULL,2700),(16926,824,56,'56 A',NULL,2,'FO A',NULL,'LC',NULL,NULL,NULL,2701),(16927,824,57,'57','',1,NULL,NULL,'LC',NULL,NULL,NULL,2702),(16928,824,57,'57 B',NULL,1,NULL,NULL,'LC',NULL,NULL,NULL,2703),(16929,824,57,'57 A',NULL,1,NULL,NULL,'LC',NULL,NULL,NULL,2704),(16930,824,58,'58','',2,'FO A',NULL,'LC',NULL,NULL,NULL,2705),(16931,824,58,'58 B',NULL,2,'FO A',NULL,'LC',NULL,NULL,NULL,2706),(16932,824,58,'58 A',NULL,2,'FO A',NULL,'LC',NULL,NULL,NULL,2707),(16933,824,59,'59','',1,NULL,NULL,'LC',NULL,NULL,NULL,2708),(16934,824,59,'59 B',NULL,1,NULL,NULL,'LC',NULL,NULL,NULL,2709),(16935,824,59,'59 A',NULL,1,NULL,NULL,'LC',NULL,NULL,NULL,2710),(16936,824,60,'60','',1,NULL,NULL,'LC',NULL,NULL,NULL,2711),(16937,824,60,'60 B',NULL,1,NULL,NULL,'LC',NULL,NULL,NULL,2712),(16938,824,60,'60 A',NULL,1,NULL,NULL,'LC',NULL,NULL,NULL,2713),(16939,825,1,'01','',2,NULL,NULL,'RJ-45',NULL,NULL,NULL,793),(16940,825,2,'02','',2,NULL,NULL,'RJ-45',NULL,NULL,NULL,794),(16941,825,3,'03','',2,NULL,NULL,'RJ-45',NULL,NULL,NULL,795),(16942,825,4,'04','',2,NULL,NULL,'RJ-45',NULL,NULL,NULL,796),(16943,825,5,'05','',2,NULL,NULL,'RJ-45',NULL,NULL,NULL,797),(16944,825,6,'06','',2,NULL,NULL,'RJ-45',NULL,NULL,NULL,798),(16945,825,7,'07','',2,NULL,NULL,'RJ-45',NULL,NULL,NULL,799),(16946,825,8,'08','',2,NULL,NULL,'RJ-45',NULL,NULL,NULL,800),(16947,825,9,'09','',2,NULL,NULL,'RJ-45',NULL,NULL,NULL,801),(16948,825,10,'10','',2,NULL,NULL,'RJ-45',NULL,NULL,NULL,802),(16949,825,11,'11','',2,NULL,NULL,'RJ-45',NULL,NULL,NULL,803),(16950,825,12,'12','',1,NULL,NULL,'RJ-45',NULL,NULL,NULL,804),(16951,825,13,'13','',1,NULL,NULL,'RJ-45',NULL,NULL,NULL,805),(16952,825,14,'14','',1,NULL,NULL,'RJ-45',NULL,NULL,NULL,806),(16953,825,15,'15','',1,NULL,NULL,'RJ-45',NULL,NULL,NULL,807),(16954,825,16,'16','',1,NULL,NULL,'RJ-45',NULL,NULL,NULL,808),(16955,825,17,'17','',1,NULL,NULL,'RJ-45',NULL,NULL,NULL,809),(16956,825,18,'18','',1,NULL,NULL,'RJ-45',NULL,NULL,NULL,810),(16957,825,19,'19','',1,NULL,NULL,'RJ-45',NULL,NULL,NULL,811),(16958,825,20,'20','',1,NULL,NULL,'RJ-45',NULL,NULL,NULL,812),(16959,825,21,'21','',1,NULL,NULL,'RJ-45',NULL,NULL,NULL,813),(16960,825,22,'22','',1,NULL,NULL,'RJ-45',NULL,NULL,NULL,814),(16961,825,23,'23','',1,NULL,NULL,'RJ-45',NULL,NULL,NULL,815),(16962,825,24,'24','',1,NULL,NULL,'RJ-45',NULL,NULL,NULL,816),(16963,826,1,'01','',3,NULL,NULL,'RJ-45',NULL,NULL,NULL,1420),(16964,826,2,'02','',3,NULL,NULL,'RJ-45',NULL,NULL,NULL,1421),(16965,826,3,'03','',3,NULL,NULL,'RJ-45',NULL,NULL,NULL,1422),(16966,826,4,'04','',3,NULL,NULL,'LC',NULL,NULL,NULL,1423),(16967,826,4,'04 B',NULL,3,NULL,NULL,'LC',NULL,NULL,NULL,1424),(16968,826,4,'04 A',NULL,3,NULL,NULL,'LC',NULL,NULL,NULL,1425),(16969,826,5,'05','',3,NULL,NULL,'LC',NULL,NULL,NULL,1426),(16970,826,5,'05 B',NULL,3,NULL,NULL,'LC',NULL,NULL,NULL,1427),(16971,826,5,'05 A',NULL,3,NULL,NULL,'LC',NULL,NULL,NULL,1428),(16972,827,1,'01','',3,NULL,NULL,'RJ-45',NULL,NULL,NULL,1429),(16973,827,2,'02','',3,NULL,NULL,'RJ-45',NULL,NULL,NULL,1430),(16974,827,3,'03','',3,NULL,NULL,'RJ-45',NULL,NULL,NULL,1431),(16975,827,4,'04','',3,NULL,NULL,'RJ-45',NULL,NULL,NULL,1432),(16976,827,5,'05','',3,NULL,NULL,'LC',NULL,NULL,NULL,1433),(16977,827,5,'05 B',NULL,3,NULL,NULL,'LC',NULL,NULL,NULL,1434),(16978,827,5,'05 A',NULL,3,NULL,NULL,'LC',NULL,NULL,NULL,1435),(16979,828,1,'01','',3,NULL,NULL,'RJ-45',NULL,NULL,NULL,1436),(16980,828,2,'02','',3,NULL,NULL,'RJ-45',NULL,NULL,NULL,1437),(16981,828,3,'03','',3,NULL,NULL,'LC',NULL,NULL,NULL,1438),(16982,828,3,'03 B',NULL,3,NULL,NULL,'LC',NULL,NULL,NULL,1439),(16983,828,3,'03 A',NULL,3,NULL,NULL,'LC',NULL,NULL,NULL,1440),(16984,828,4,'04','',3,NULL,NULL,'LC',NULL,NULL,NULL,1441),(16985,828,4,'04 B',NULL,3,NULL,NULL,'LC',NULL,NULL,NULL,1442),(16986,828,4,'04 A',NULL,3,NULL,NULL,'LC',NULL,NULL,NULL,1443),(16987,829,1,'01','',3,NULL,NULL,'RJ-45',NULL,NULL,NULL,1444),(16988,829,2,'02','',3,NULL,NULL,'RJ-45',NULL,NULL,NULL,1445),(16989,829,3,'03','',3,NULL,NULL,'RJ-45',NULL,NULL,NULL,1446),(16990,829,4,'04','',3,NULL,NULL,'LC',NULL,NULL,NULL,1447),(16991,829,4,'04 B',NULL,3,NULL,NULL,'LC',NULL,NULL,NULL,1448),(16992,829,4,'04 A',NULL,3,NULL,NULL,'LC',NULL,NULL,NULL,1449),(16993,829,5,'05','',3,NULL,NULL,'LC',NULL,NULL,NULL,1450),(16994,829,5,'05 B',NULL,3,NULL,NULL,'LC',NULL,NULL,NULL,1451),(16995,829,5,'05 A',NULL,3,NULL,NULL,'LC',NULL,NULL,NULL,1452),(16996,830,1,'01','',3,NULL,NULL,'RJ-45',NULL,NULL,NULL,1453),(16997,830,2,'02','',3,NULL,NULL,'RJ-45',NULL,NULL,NULL,1454),(16998,830,3,'03','',3,NULL,NULL,'RJ-45',NULL,NULL,NULL,1455),(16999,830,4,'04','',3,NULL,NULL,'RJ-45',NULL,NULL,NULL,1456),(17000,830,5,'05','',3,NULL,NULL,'LC',NULL,NULL,NULL,1457),(17001,830,5,'05 B',NULL,3,NULL,NULL,'LC',NULL,NULL,NULL,1458),(17002,830,5,'05 A',NULL,3,NULL,NULL,'LC',NULL,NULL,NULL,1459),(17003,831,1,'01','',3,NULL,NULL,'RJ-45',NULL,NULL,NULL,1460),(17004,831,2,'02','',3,NULL,NULL,'RJ-45',NULL,NULL,NULL,1461),(17005,831,3,'03','',3,NULL,NULL,'LC',NULL,NULL,NULL,1462),(17006,831,3,'03 B',NULL,3,NULL,NULL,'LC',NULL,NULL,NULL,1463),(17007,831,3,'03 A',NULL,3,NULL,NULL,'LC',NULL,NULL,NULL,1464),(17008,831,4,'04','',3,NULL,NULL,'LC',NULL,NULL,NULL,1465),(17009,831,4,'04 B',NULL,3,NULL,NULL,'LC',NULL,NULL,NULL,1466),(17010,831,4,'04 A',NULL,3,NULL,NULL,'LC',NULL,NULL,NULL,1467),(17011,832,1,'01','',3,NULL,NULL,'RJ-45',NULL,NULL,NULL,1731),(17012,832,2,'02','',3,NULL,NULL,'RJ-45',NULL,NULL,NULL,1732),(17013,832,3,'03','',3,NULL,NULL,'RJ-45',NULL,NULL,NULL,1733),(17014,832,4,'04','',3,NULL,NULL,'RJ-45',NULL,NULL,NULL,1734),(17015,832,5,'05','',3,NULL,NULL,'LC',NULL,NULL,NULL,1735),(17016,832,5,'05 B',NULL,3,NULL,NULL,'LC',NULL,NULL,NULL,1736),(17017,832,5,'05 A',NULL,3,NULL,NULL,'LC',NULL,NULL,NULL,1737),(17018,833,1,'01','',3,NULL,NULL,'RJ-45',NULL,NULL,NULL,1738),(17019,833,2,'02','',3,NULL,NULL,'RJ-45',NULL,NULL,NULL,1739),(17020,833,3,'03','',3,NULL,NULL,'RJ-45',NULL,NULL,NULL,1740),(17021,833,4,'04','',3,NULL,NULL,'RJ-45',NULL,NULL,NULL,1741),(17022,833,5,'05','',3,NULL,NULL,'LC',NULL,NULL,NULL,1742),(17023,833,5,'05 B',NULL,3,NULL,NULL,'LC',NULL,NULL,NULL,1743),(17024,833,5,'05 A',NULL,3,NULL,NULL,'LC',NULL,NULL,NULL,1744),(17025,834,1,'01','',3,NULL,NULL,'RJ-45',NULL,NULL,NULL,1745),(17026,834,2,'02','',3,NULL,NULL,'RJ-45',NULL,NULL,NULL,1746),(17027,834,3,'03','',3,NULL,NULL,'RJ-45',NULL,NULL,NULL,1747),(17028,834,4,'04','',3,NULL,NULL,'RJ-45',NULL,NULL,NULL,1748),(17029,834,5,'05','',3,NULL,NULL,'LC',NULL,NULL,NULL,1749),(17030,834,5,'05 B',NULL,3,NULL,NULL,'LC',NULL,NULL,NULL,1750),(17031,834,5,'05 A',NULL,3,NULL,NULL,'LC',NULL,NULL,NULL,1751),(17032,835,1,'01','',3,NULL,NULL,'RJ-45',NULL,NULL,NULL,1752),(17033,835,2,'02','',3,NULL,NULL,'RJ-45',NULL,NULL,NULL,1753),(17034,835,3,'03','',3,NULL,NULL,'RJ-45',NULL,NULL,NULL,1754),(17035,835,4,'04','',3,NULL,NULL,'RJ-45',NULL,NULL,NULL,1755),(17036,835,5,'05','',3,NULL,NULL,'LC',NULL,NULL,NULL,1756),(17037,835,5,'05 B',NULL,3,NULL,NULL,'LC',NULL,NULL,NULL,1757),(17038,835,5,'05 A',NULL,3,NULL,NULL,'LC',NULL,NULL,NULL,1758),(17039,836,1,'01','',3,NULL,NULL,'RJ-45',NULL,NULL,NULL,1759),(17040,836,2,'02','',3,NULL,NULL,'RJ-45',NULL,NULL,NULL,1760),(17041,836,3,'03','',3,NULL,NULL,'RJ-45',NULL,NULL,NULL,1761),(17042,836,4,'04','',3,NULL,NULL,'RJ-45',NULL,NULL,NULL,1762),(17043,836,5,'05','',3,NULL,NULL,'LC',NULL,NULL,NULL,1763),(17044,836,5,'05 B',NULL,3,NULL,NULL,'LC',NULL,NULL,NULL,1764),(17045,836,5,'05 A',NULL,3,NULL,NULL,'LC',NULL,NULL,NULL,1765),(17046,837,1,'01','',2,'LAN A',NULL,'RJ-45',NULL,NULL,NULL,2714),(17047,837,2,'02','',2,'LAN A',NULL,'RJ-45',NULL,NULL,NULL,2715),(17048,837,3,'03','',2,'LAN A',NULL,'RJ-45',NULL,NULL,NULL,2716),(17049,837,4,'04','',2,'LAN A',NULL,'RJ-45',NULL,NULL,NULL,2717),(17050,837,5,'05','',2,'LAN A',NULL,'RJ-45',NULL,NULL,NULL,2718),(17051,837,6,'06','',2,'LAN A',NULL,'RJ-45',NULL,NULL,NULL,2719),(17052,837,7,'07','',2,'LAN A',NULL,'RJ-45',NULL,NULL,NULL,2720),(17053,837,8,'08','',2,'LAN A',NULL,'RJ-45',NULL,NULL,NULL,2721),(17054,837,9,'09','',2,'LAN A',NULL,'RJ-45',NULL,NULL,NULL,2722),(17055,837,10,'10','',2,'LAN A',NULL,'RJ-45',NULL,NULL,NULL,2723),(17056,837,11,'11','',2,'LAN A',NULL,'RJ-45',NULL,NULL,NULL,2724),(17057,837,12,'12','',2,'LAN A',NULL,'RJ-45',NULL,NULL,NULL,2725),(17058,837,13,'13','',2,'LAN A',NULL,'RJ-45',NULL,NULL,NULL,2726),(17059,837,14,'14','',2,'LAN A',NULL,'RJ-45',NULL,NULL,NULL,2727),(17060,837,15,'15','',2,'LAN A',NULL,'RJ-45',NULL,NULL,NULL,2728),(17061,837,16,'16','',2,'LAN A',NULL,'RJ-45',NULL,NULL,NULL,2729),(17062,837,17,'17','',2,'LAN A',NULL,'RJ-45',NULL,NULL,NULL,2730),(17063,837,18,'18','',2,'LAN A',NULL,'RJ-45',NULL,NULL,NULL,2731),(17064,837,19,'19','',2,'LAN A',NULL,'RJ-45',NULL,NULL,NULL,2732),(17065,837,20,'20','',2,'LAN A',NULL,'RJ-45',NULL,NULL,NULL,2733),(17066,837,21,'21','',2,'LAN A',NULL,'RJ-45',NULL,NULL,NULL,2734),(17067,837,22,'22','',2,'LAN A',NULL,'RJ-45',NULL,NULL,NULL,2735),(17068,837,23,'23','',2,'LAN A',NULL,'RJ-45',NULL,NULL,NULL,2736),(17069,837,24,'24','',2,'LAN A',NULL,'RJ-45',NULL,NULL,NULL,2737),(17070,837,25,'25','',2,'Privada AB',NULL,'RJ-45',NULL,NULL,NULL,2738),(17071,837,26,'26','',2,'Privada AB',NULL,'RJ-45',NULL,NULL,NULL,2739),(17072,837,27,'27','',1,NULL,NULL,'RJ-45',NULL,NULL,NULL,2740),(17073,837,28,'28','',1,NULL,NULL,'RJ-45',NULL,NULL,NULL,2741),(17074,837,29,'29','',1,NULL,NULL,'RJ-45',NULL,NULL,NULL,2742),(17075,837,30,'30','',1,NULL,NULL,'RJ-45',NULL,NULL,NULL,2743),(17076,837,31,'31','',1,NULL,NULL,'RJ-45',NULL,NULL,NULL,2744),(17077,837,32,'32','',1,NULL,NULL,'RJ-45',NULL,NULL,NULL,2745),(17078,837,33,'33','',1,NULL,NULL,'RJ-45',NULL,NULL,NULL,2746),(17079,837,34,'34','',1,NULL,NULL,'RJ-45',NULL,NULL,NULL,2747),(17080,837,35,'35','',1,NULL,NULL,'RJ-45',NULL,NULL,NULL,2748),(17081,837,36,'36','',1,NULL,NULL,'RJ-45',NULL,NULL,NULL,2749),(17082,837,37,'37','',1,NULL,NULL,'RJ-45',NULL,NULL,NULL,2750),(17083,837,38,'38','',1,NULL,NULL,'RJ-45',NULL,NULL,NULL,2751),(17084,837,39,'39','',1,NULL,NULL,'RJ-45',NULL,NULL,NULL,2752),(17085,837,40,'40','',1,NULL,NULL,'RJ-45',NULL,NULL,NULL,2753),(17086,837,41,'41','',1,NULL,NULL,'RJ-45',NULL,NULL,NULL,2754),(17087,837,42,'42','',1,NULL,NULL,'RJ-45',NULL,NULL,NULL,2755),(17088,837,43,'43','',1,NULL,NULL,'RJ-45',NULL,NULL,NULL,2756),(17089,837,44,'44','',1,NULL,NULL,'RJ-45',NULL,NULL,NULL,2757),(17090,837,45,'45','',1,NULL,NULL,'RJ-45',NULL,NULL,NULL,2758),(17091,837,46,'46','',1,NULL,NULL,'RJ-45',NULL,NULL,NULL,2759),(17092,837,47,'47','',1,NULL,NULL,'RJ-45',NULL,NULL,NULL,2760),(17093,837,48,'48','',1,NULL,NULL,'RJ-45',NULL,NULL,NULL,2761),(17094,837,49,'49','',2,'FO A',NULL,'LC',NULL,NULL,NULL,2762),(17095,837,49,'49 B',NULL,2,'FO A',NULL,'LC',NULL,NULL,NULL,2763),(17096,837,49,'49 A',NULL,2,'FO A',NULL,'LC',NULL,NULL,NULL,2764),(17097,837,50,'50','',2,'FO A',NULL,'LC',NULL,NULL,NULL,2765),(17098,837,50,'50 B',NULL,2,'FO A',NULL,'LC',NULL,NULL,NULL,2766),(17099,837,50,'50 A',NULL,2,'FO A',NULL,'LC',NULL,NULL,NULL,2767),(17100,837,51,'51','',1,NULL,NULL,'LC',NULL,NULL,NULL,2768),(17101,837,51,'51 B',NULL,1,NULL,NULL,'LC',NULL,NULL,NULL,2769),(17102,837,51,'51 A',NULL,1,NULL,NULL,'LC',NULL,NULL,NULL,2770),(17103,837,52,'52','',1,NULL,NULL,'LC',NULL,NULL,NULL,2771),(17104,837,52,'52 B',NULL,1,NULL,NULL,'LC',NULL,NULL,NULL,2772),(17105,837,52,'52 A',NULL,1,NULL,NULL,'LC',NULL,NULL,NULL,2773),(17106,837,53,'53','',2,'FO A',NULL,'LC',NULL,NULL,NULL,2774),(17107,837,53,'53 B',NULL,2,'FO A',NULL,'LC',NULL,NULL,NULL,2775),(17108,837,53,'53 A',NULL,2,'FO A',NULL,'LC',NULL,NULL,NULL,2776),(17109,837,54,'54','',1,NULL,NULL,'LC',NULL,NULL,NULL,2777),(17110,837,54,'54 B',NULL,1,NULL,NULL,'LC',NULL,NULL,NULL,2778),(17111,837,54,'54 A',NULL,1,NULL,NULL,'LC',NULL,NULL,NULL,2779),(17112,837,55,'55','',2,'FO A',NULL,'LC',NULL,NULL,NULL,2780),(17113,837,55,'55 B',NULL,2,'FO A',NULL,'LC',NULL,NULL,NULL,2781),(17114,837,55,'55 A',NULL,2,'FO A',NULL,'LC',NULL,NULL,NULL,2782),(17115,837,56,'56','',1,NULL,NULL,'LC',NULL,NULL,NULL,2783),(17116,837,56,'56 B',NULL,1,NULL,NULL,'LC',NULL,NULL,NULL,2784),(17117,837,56,'56 A',NULL,1,NULL,NULL,'LC',NULL,NULL,NULL,2785),(17118,837,57,'57','',2,'FO A',NULL,'LC',NULL,NULL,NULL,2786),(17119,837,57,'57 B',NULL,2,'FO A',NULL,'LC',NULL,NULL,NULL,2787),(17120,837,57,'57 A',NULL,2,'FO A',NULL,'LC',NULL,NULL,NULL,2788),(17121,837,58,'58','',1,NULL,NULL,'LC',NULL,NULL,NULL,2789),(17122,837,58,'58 B',NULL,1,NULL,NULL,'LC',NULL,NULL,NULL,2790),(17123,837,58,'58 A',NULL,1,NULL,NULL,'LC',NULL,NULL,NULL,2791),(17124,837,59,'59','',2,'FO A',NULL,'LC',NULL,NULL,NULL,2792),(17125,837,59,'59 B',NULL,2,'FO A',NULL,'LC',NULL,NULL,NULL,2793),(17126,837,59,'59 A',NULL,2,'FO A',NULL,'LC',NULL,NULL,NULL,2794),(17127,837,60,'60','',2,'FO A',NULL,'LC',NULL,NULL,NULL,2795),(17128,837,60,'60 B',NULL,2,'FO A',NULL,'LC',NULL,NULL,NULL,2796),(17129,837,60,'60 A',NULL,2,'FO A',NULL,'LC',NULL,NULL,NULL,2797),(17130,838,1,'01','',2,NULL,NULL,'RJ-45',NULL,NULL,NULL,817),(17131,838,2,'02','',2,NULL,NULL,'RJ-45',NULL,NULL,NULL,818),(17132,838,3,'03','',1,NULL,NULL,'RJ-45',NULL,NULL,NULL,819),(17133,838,4,'04','',2,NULL,NULL,'RJ-45',NULL,NULL,NULL,820),(17134,838,5,'05','',1,NULL,NULL,'RJ-45',NULL,NULL,NULL,821),(17135,838,6,'06','',2,NULL,NULL,'RJ-45',NULL,NULL,NULL,822),(17136,838,7,'07','',1,NULL,NULL,'RJ-45',NULL,NULL,NULL,823),(17137,838,8,'08','',2,NULL,NULL,'RJ-45',NULL,NULL,NULL,824),(17138,838,9,'09','',2,NULL,NULL,'RJ-45',NULL,NULL,NULL,825),(17139,838,10,'10','',2,NULL,NULL,'RJ-45',NULL,NULL,NULL,826),(17140,838,11,'11','',1,NULL,NULL,'RJ-45',NULL,NULL,NULL,827),(17141,838,12,'12','',1,NULL,NULL,'RJ-45',NULL,NULL,NULL,828),(17142,838,13,'13','',1,NULL,NULL,'RJ-45',NULL,NULL,NULL,829),(17143,838,14,'14','',1,NULL,NULL,'RJ-45',NULL,NULL,NULL,830),(17144,838,15,'15','',1,NULL,NULL,'RJ-45',NULL,NULL,NULL,831),(17145,838,16,'16','',1,NULL,NULL,'RJ-45',NULL,NULL,NULL,832),(17146,838,17,'17','',1,NULL,NULL,'RJ-45',NULL,NULL,NULL,833),(17147,838,18,'18','',1,NULL,NULL,'RJ-45',NULL,NULL,NULL,834),(17148,838,19,'19','',1,NULL,NULL,'RJ-45',NULL,NULL,NULL,835),(17149,838,20,'20','',1,NULL,NULL,'RJ-45',NULL,NULL,NULL,836),(17150,838,21,'21','',1,NULL,NULL,'RJ-45',NULL,NULL,NULL,837),(17151,838,22,'22','',1,NULL,NULL,'RJ-45',NULL,NULL,NULL,838),(17152,838,23,'23','',1,NULL,NULL,'RJ-45',NULL,NULL,NULL,839),(17153,838,24,'24','',1,NULL,NULL,'RJ-45',NULL,NULL,NULL,840),(17154,839,1,'01','',2,NULL,NULL,'LC',NULL,NULL,NULL,841),(17155,839,2,'02','',2,NULL,NULL,'LC',NULL,NULL,NULL,842),(17156,839,3,'03','',2,NULL,NULL,'LC',NULL,NULL,NULL,843),(17157,839,4,'04','',2,NULL,NULL,'LC',NULL,NULL,NULL,844),(17158,839,5,'05','',1,NULL,NULL,'LC',NULL,NULL,NULL,845),(17159,839,6,'06','',1,NULL,NULL,'LC',NULL,NULL,NULL,846),(17160,839,7,'07','',1,NULL,NULL,'LC',NULL,NULL,NULL,847),(17161,839,8,'08','',1,NULL,NULL,'LC',NULL,NULL,NULL,848),(17162,839,9,'09','',1,NULL,NULL,'LC',NULL,NULL,NULL,849),(17163,839,10,'10','',1,NULL,NULL,'LC',NULL,NULL,NULL,850),(17164,839,11,'11','',1,NULL,NULL,'LC',NULL,NULL,NULL,851),(17165,839,12,'12','',1,NULL,NULL,'LC',NULL,NULL,NULL,852),(17166,839,13,'13','',1,NULL,NULL,'LC',NULL,NULL,NULL,853),(17167,839,14,'14','',1,NULL,NULL,'LC',NULL,NULL,NULL,854),(17168,839,15,'15','',1,NULL,NULL,'LC',NULL,NULL,NULL,855),(17169,839,16,'16','',1,NULL,NULL,'LC',NULL,NULL,NULL,856),(17170,839,17,'17','',1,NULL,NULL,'LC',NULL,NULL,NULL,857),(17171,839,18,'18','',1,NULL,NULL,'LC',NULL,NULL,NULL,858),(17172,839,19,'19','',1,NULL,NULL,'LC',NULL,NULL,NULL,859),(17173,839,20,'20','',1,NULL,NULL,'LC',NULL,NULL,NULL,860),(17174,839,21,'21','',1,NULL,NULL,'LC',NULL,NULL,NULL,861),(17175,839,22,'22','',1,NULL,NULL,'LC',NULL,NULL,NULL,862),(17176,839,23,'23','',1,NULL,NULL,'LC',NULL,NULL,NULL,863),(17177,839,24,'24','',1,NULL,NULL,'LC',NULL,NULL,NULL,864),(17178,839,1,'01 B','',2,NULL,NULL,'LC',NULL,NULL,NULL,865),(17179,839,1,'01 A','',2,NULL,NULL,'LC',NULL,NULL,NULL,866),(17180,839,2,'02 B','',2,NULL,NULL,'LC',NULL,NULL,NULL,867),(17181,839,2,'02 A','',2,NULL,NULL,'LC',NULL,NULL,NULL,868),(17182,839,3,'03 B','',2,NULL,NULL,'LC',NULL,NULL,NULL,869),(17183,839,3,'03 A','',2,NULL,NULL,'LC',NULL,NULL,NULL,870),(17184,839,4,'04 B','',2,NULL,NULL,'LC',NULL,NULL,NULL,871),(17185,839,4,'04 A','',2,NULL,NULL,'LC',NULL,NULL,NULL,872),(17186,839,5,'05 B','',1,NULL,NULL,'LC',NULL,NULL,NULL,873),(17187,839,5,'05 A','',1,NULL,NULL,'LC',NULL,NULL,NULL,874),(17188,839,6,'06 B','',1,NULL,NULL,'LC',NULL,NULL,NULL,875),(17189,839,6,'06 A','',1,NULL,NULL,'LC',NULL,NULL,NULL,876),(17190,839,7,'07 B','',1,NULL,NULL,'LC',NULL,NULL,NULL,877),(17191,839,7,'07 A','',1,NULL,NULL,'LC',NULL,NULL,NULL,878),(17192,839,8,'08 B','',1,NULL,NULL,'LC',NULL,NULL,NULL,879),(17193,839,8,'08 A','',1,NULL,NULL,'LC',NULL,NULL,NULL,880),(17194,839,9,'09 B','',1,NULL,NULL,'LC',NULL,NULL,NULL,881),(17195,839,9,'09 A','',1,NULL,NULL,'LC',NULL,NULL,NULL,882),(17196,839,10,'10 B','',1,NULL,NULL,'LC',NULL,NULL,NULL,883),(17197,839,10,'10 A','',1,NULL,NULL,'LC',NULL,NULL,NULL,884),(17198,839,11,'11 B','',1,NULL,NULL,'LC',NULL,NULL,NULL,885),(17199,839,11,'11 A','',1,NULL,NULL,'LC',NULL,NULL,NULL,886),(17200,839,12,'12 B','',1,NULL,NULL,'LC',NULL,NULL,NULL,887),(17201,839,12,'12 A','',1,NULL,NULL,'LC',NULL,NULL,NULL,888),(17202,839,13,'13 B','',1,NULL,NULL,'LC',NULL,NULL,NULL,889),(17203,839,13,'13 A','',1,NULL,NULL,'LC',NULL,NULL,NULL,890),(17204,839,14,'14 B','',1,NULL,NULL,'LC',NULL,NULL,NULL,891),(17205,839,14,'14 A','',1,NULL,NULL,'LC',NULL,NULL,NULL,892),(17206,839,15,'15 B','',1,NULL,NULL,'LC',NULL,NULL,NULL,893),(17207,839,15,'15 A','',1,NULL,NULL,'LC',NULL,NULL,NULL,894),(17208,839,16,'16 B','',1,NULL,NULL,'LC',NULL,NULL,NULL,895),(17209,839,16,'16 A','',1,NULL,NULL,'LC',NULL,NULL,NULL,896),(17210,839,17,'17 B','',1,NULL,NULL,'LC',NULL,NULL,NULL,897),(17211,839,17,'17 A','',1,NULL,NULL,'LC',NULL,NULL,NULL,898),(17212,839,18,'18 B','',1,NULL,NULL,'LC',NULL,NULL,NULL,899),(17213,839,18,'18 A','',1,NULL,NULL,'LC',NULL,NULL,NULL,900),(17214,839,19,'19 B','',1,NULL,NULL,'LC',NULL,NULL,NULL,901),(17215,839,19,'19 A','',1,NULL,NULL,'LC',NULL,NULL,NULL,902),(17216,839,20,'20 B','',1,NULL,NULL,'LC',NULL,NULL,NULL,903),(17217,839,20,'20 A','',1,NULL,NULL,'LC',NULL,NULL,NULL,904),(17218,839,21,'21 B','',1,NULL,NULL,'LC',NULL,NULL,NULL,905),(17219,839,21,'21 A','',1,NULL,NULL,'LC',NULL,NULL,NULL,906),(17220,839,22,'22 B','',1,NULL,NULL,'LC',NULL,NULL,NULL,907),(17221,839,22,'22 A','',1,NULL,NULL,'LC',NULL,NULL,NULL,908),(17222,839,23,'23 B','',1,NULL,NULL,'LC',NULL,NULL,NULL,909),(17223,839,23,'23 A','',1,NULL,NULL,'LC',NULL,NULL,NULL,910),(17224,839,24,'24 B','',1,NULL,NULL,'LC',NULL,NULL,NULL,911),(17225,839,24,'24 A','',1,NULL,NULL,'LC',NULL,NULL,NULL,912),(17226,840,1,'01','',3,NULL,NULL,'RJ-45',NULL,NULL,NULL,1468),(17227,840,2,'02','',3,NULL,NULL,'RJ-45',NULL,NULL,NULL,1469),(17228,840,3,'03','',3,NULL,NULL,'RJ-45',NULL,NULL,NULL,1470),(17229,840,4,'04','',3,NULL,NULL,'LC',NULL,NULL,NULL,1471),(17230,840,4,'04 B',NULL,3,NULL,NULL,'LC',NULL,NULL,NULL,1472),(17231,840,4,'04 A',NULL,3,NULL,NULL,'LC',NULL,NULL,NULL,1473),(17232,840,5,'05','',3,NULL,NULL,'LC',NULL,NULL,NULL,1474),(17233,840,5,'05 B',NULL,3,NULL,NULL,'LC',NULL,NULL,NULL,1475),(17234,840,5,'05 A',NULL,3,NULL,NULL,'LC',NULL,NULL,NULL,1476),(17235,841,1,'01','',3,NULL,NULL,'RJ-45',NULL,NULL,NULL,1477),(17236,841,2,'02','',3,NULL,NULL,'RJ-45',NULL,NULL,NULL,1478),(17237,841,3,'03','',3,NULL,NULL,'RJ-45',NULL,NULL,NULL,1479),(17238,841,4,'04','',3,NULL,NULL,'RJ-45',NULL,NULL,NULL,1480),(17239,841,5,'05','',3,NULL,NULL,'LC',NULL,NULL,NULL,1481),(17240,841,5,'05 B',NULL,3,NULL,NULL,'LC',NULL,NULL,NULL,1482),(17241,841,5,'05 A',NULL,3,NULL,NULL,'LC',NULL,NULL,NULL,1483),(17242,842,1,'01','',3,NULL,NULL,'RJ-45',NULL,NULL,NULL,1484),(17243,842,2,'02','',3,NULL,NULL,'RJ-45',NULL,NULL,NULL,1485),(17244,842,3,'03','',3,NULL,NULL,'LC',NULL,NULL,NULL,1486),(17245,842,3,'03 B',NULL,3,NULL,NULL,'LC',NULL,NULL,NULL,1487),(17246,842,3,'03 A',NULL,3,NULL,NULL,'LC',NULL,NULL,NULL,1488),(17247,842,4,'04','',3,NULL,NULL,'LC',NULL,NULL,NULL,1489),(17248,842,4,'04 B',NULL,3,NULL,NULL,'LC',NULL,NULL,NULL,1490),(17249,842,4,'04 A',NULL,3,NULL,NULL,'LC',NULL,NULL,NULL,1491),(17250,843,1,'01','',3,NULL,NULL,'RJ-45',NULL,NULL,NULL,1492),(17251,843,2,'02','',3,NULL,NULL,'RJ-45',NULL,NULL,NULL,1493),(17252,843,3,'03','',3,NULL,NULL,'RJ-45',NULL,NULL,NULL,1494),(17253,843,4,'04','',3,NULL,NULL,'LC',NULL,NULL,NULL,1495),(17254,843,4,'04 B',NULL,3,NULL,NULL,'LC',NULL,NULL,NULL,1496),(17255,843,4,'04 A',NULL,3,NULL,NULL,'LC',NULL,NULL,NULL,1497),(17256,843,5,'05','',3,NULL,NULL,'LC',NULL,NULL,NULL,1498),(17257,843,5,'05 B',NULL,3,NULL,NULL,'LC',NULL,NULL,NULL,1499),(17258,843,5,'05 A',NULL,3,NULL,NULL,'LC',NULL,NULL,NULL,1500),(17259,844,1,'01','',3,NULL,NULL,'RJ-45',NULL,NULL,NULL,1501),(17260,844,2,'02','',3,NULL,NULL,'RJ-45',NULL,NULL,NULL,1502),(17261,844,3,'03','',3,NULL,NULL,'RJ-45',NULL,NULL,NULL,1503),(17262,844,4,'04','',3,NULL,NULL,'RJ-45',NULL,NULL,NULL,1504),(17263,844,5,'05','',3,NULL,NULL,'LC',NULL,NULL,NULL,1505),(17264,844,5,'05 B',NULL,3,NULL,NULL,'LC',NULL,NULL,NULL,1506),(17265,844,5,'05 A',NULL,3,NULL,NULL,'LC',NULL,NULL,NULL,1507),(17266,845,1,'01','',3,NULL,NULL,'RJ-45',NULL,NULL,NULL,1508),(17267,845,2,'02','',3,NULL,NULL,'RJ-45',NULL,NULL,NULL,1509),(17268,845,3,'03','',3,NULL,NULL,'LC',NULL,NULL,NULL,1510),(17269,845,3,'03 B',NULL,3,NULL,NULL,'LC',NULL,NULL,NULL,1511),(17270,845,3,'03 A',NULL,3,NULL,NULL,'LC',NULL,NULL,NULL,1512),(17271,845,4,'04','',3,NULL,NULL,'LC',NULL,NULL,NULL,1513),(17272,845,4,'04 B',NULL,3,NULL,NULL,'LC',NULL,NULL,NULL,1514),(17273,845,4,'04 A',NULL,3,NULL,NULL,'LC',NULL,NULL,NULL,1515),(17274,846,1,'01','',3,NULL,NULL,'RJ-45',NULL,NULL,NULL,1516),(17275,846,2,'02','',3,NULL,NULL,'RJ-45',NULL,NULL,NULL,1517),(17276,846,3,'03','',3,NULL,NULL,'RJ-45',NULL,NULL,NULL,1518),(17277,846,4,'04','',3,NULL,NULL,'LC',NULL,NULL,NULL,1519),(17278,846,4,'04 B',NULL,3,NULL,NULL,'LC',NULL,NULL,NULL,1520),(17279,846,4,'04 A',NULL,3,NULL,NULL,'LC',NULL,NULL,NULL,1521),(17280,846,5,'05','',3,NULL,NULL,'LC',NULL,NULL,NULL,1522),(17281,846,5,'05 B',NULL,3,NULL,NULL,'LC',NULL,NULL,NULL,1523),(17282,846,5,'05 A',NULL,3,NULL,NULL,'LC',NULL,NULL,NULL,1524),(17283,847,1,'01','',3,NULL,NULL,'RJ-45',NULL,NULL,NULL,1525),(17284,847,2,'02','',3,NULL,NULL,'RJ-45',NULL,NULL,NULL,1526),(17285,847,3,'03','',3,NULL,NULL,'RJ-45',NULL,NULL,NULL,1527),(17286,847,4,'04','',3,NULL,NULL,'RJ-45',NULL,NULL,NULL,1528),(17287,847,5,'05','',3,NULL,NULL,'LC',NULL,NULL,NULL,1529),(17288,847,5,'05 B',NULL,3,NULL,NULL,'LC',NULL,NULL,NULL,1530),(17289,847,5,'05 A',NULL,3,NULL,NULL,'LC',NULL,NULL,NULL,1531),(17290,848,1,'01','',3,NULL,NULL,'RJ-45',NULL,NULL,NULL,1532),(17291,848,2,'02','',3,NULL,NULL,'RJ-45',NULL,NULL,NULL,1533),(17292,848,3,'03','',3,NULL,NULL,'LC',NULL,NULL,NULL,1534),(17293,848,3,'03 B',NULL,3,NULL,NULL,'LC',NULL,NULL,NULL,1535),(17294,848,3,'03 A',NULL,3,NULL,NULL,'LC',NULL,NULL,NULL,1536),(17295,848,4,'04','',3,NULL,NULL,'LC',NULL,NULL,NULL,1537),(17296,848,4,'04 B',NULL,3,NULL,NULL,'LC',NULL,NULL,NULL,1538),(17297,848,4,'04 A',NULL,3,NULL,NULL,'LC',NULL,NULL,NULL,1539),(17298,849,1,'01','',3,NULL,NULL,'RJ-45',NULL,NULL,NULL,1540),(17299,849,2,'02','',3,NULL,NULL,'RJ-45',NULL,NULL,NULL,1541),(17300,849,3,'03','',3,NULL,NULL,'RJ-45',NULL,NULL,NULL,1542),(17301,849,4,'04','',3,NULL,NULL,'LC',NULL,NULL,NULL,1543),(17302,849,4,'04 B',NULL,3,NULL,NULL,'LC',NULL,NULL,NULL,1544),(17303,849,4,'04 A',NULL,3,NULL,NULL,'LC',NULL,NULL,NULL,1545),(17304,849,5,'05','',3,NULL,NULL,'LC',NULL,NULL,NULL,1546),(17305,849,5,'05 B',NULL,3,NULL,NULL,'LC',NULL,NULL,NULL,1547),(17306,849,5,'05 A',NULL,3,NULL,NULL,'LC',NULL,NULL,NULL,1548),(17307,850,1,'01','',3,NULL,NULL,'RJ-45',NULL,NULL,NULL,1549),(17308,850,2,'02','',3,NULL,NULL,'RJ-45',NULL,NULL,NULL,1550),(17309,850,3,'03','',3,NULL,NULL,'RJ-45',NULL,NULL,NULL,1551),(17310,850,4,'04','',3,NULL,NULL,'RJ-45',NULL,NULL,NULL,1552),(17311,850,5,'05','',3,NULL,NULL,'LC',NULL,NULL,NULL,1553),(17312,850,5,'05 B',NULL,3,NULL,NULL,'LC',NULL,NULL,NULL,1554),(17313,850,5,'05 A',NULL,3,NULL,NULL,'LC',NULL,NULL,NULL,1555),(17314,851,1,'01','',3,NULL,NULL,'RJ-45',NULL,NULL,NULL,1556),(17315,851,2,'02','',3,NULL,NULL,'RJ-45',NULL,NULL,NULL,1557),(17316,851,3,'03','',3,NULL,NULL,'LC',NULL,NULL,NULL,1558),(17317,851,3,'03 B',NULL,3,NULL,NULL,'LC',NULL,NULL,NULL,1559),(17318,851,3,'03 A',NULL,3,NULL,NULL,'LC',NULL,NULL,NULL,1560),(17319,851,4,'04','',3,NULL,NULL,'LC',NULL,NULL,NULL,1561),(17320,851,4,'04 B',NULL,3,NULL,NULL,'LC',NULL,NULL,NULL,1562),(17321,851,4,'04 A',NULL,3,NULL,NULL,'LC',NULL,NULL,NULL,1563),(17322,852,1,'01','',3,NULL,NULL,'RJ-45',NULL,NULL,NULL,1564),(17323,852,2,'02','',3,NULL,NULL,'RJ-45',NULL,NULL,NULL,1565),(17324,852,3,'03','',3,NULL,NULL,'RJ-45',NULL,NULL,NULL,1566),(17325,852,4,'04','',3,NULL,NULL,'LC',NULL,NULL,NULL,1567),(17326,852,4,'04 B',NULL,3,NULL,NULL,'LC',NULL,NULL,NULL,1568),(17327,852,4,'04 A',NULL,3,NULL,NULL,'LC',NULL,NULL,NULL,1569),(17328,852,5,'05','',3,NULL,NULL,'LC',NULL,NULL,NULL,1570),(17329,852,5,'05 B',NULL,3,NULL,NULL,'LC',NULL,NULL,NULL,1571),(17330,852,5,'05 A',NULL,3,NULL,NULL,'LC',NULL,NULL,NULL,1572),(17331,853,1,'01','',3,NULL,NULL,'RJ-45',NULL,NULL,NULL,1573),(17332,853,2,'02','',3,NULL,NULL,'RJ-45',NULL,NULL,NULL,1574),(17333,853,3,'03','',3,NULL,NULL,'RJ-45',NULL,NULL,NULL,1575),(17334,853,4,'04','',3,NULL,NULL,'RJ-45',NULL,NULL,NULL,1576),(17335,853,5,'05','',3,NULL,NULL,'LC',NULL,NULL,NULL,1577),(17336,853,5,'05 B',NULL,3,NULL,NULL,'LC',NULL,NULL,NULL,1578),(17337,853,5,'05 A',NULL,3,NULL,NULL,'LC',NULL,NULL,NULL,1579),(17338,854,1,'01','',3,NULL,NULL,'RJ-45',NULL,NULL,NULL,1580),(17339,854,2,'02','',3,NULL,NULL,'RJ-45',NULL,NULL,NULL,1581),(17340,854,3,'03','',3,NULL,NULL,'LC',NULL,NULL,NULL,1582),(17341,854,3,'03 B',NULL,3,NULL,NULL,'LC',NULL,NULL,NULL,1583),(17342,854,3,'03 A',NULL,3,NULL,NULL,'LC',NULL,NULL,NULL,1584),(17343,854,4,'04','',3,NULL,NULL,'LC',NULL,NULL,NULL,1585),(17344,854,4,'04 B',NULL,3,NULL,NULL,'LC',NULL,NULL,NULL,1586),(17345,854,4,'04 A',NULL,3,NULL,NULL,'LC',NULL,NULL,NULL,1587),(17346,855,1,'01','',2,NULL,NULL,'RJ-45',NULL,NULL,NULL,913),(17347,855,2,'02','',2,NULL,NULL,'RJ-45',NULL,NULL,NULL,914),(17348,855,3,'03','',2,NULL,NULL,'RJ-45',NULL,NULL,NULL,915),(17349,855,4,'04','',1,NULL,NULL,'RJ-45',NULL,NULL,NULL,916),(17350,855,5,'05','',1,NULL,NULL,'RJ-45',NULL,NULL,NULL,917),(17351,855,6,'06','',1,NULL,NULL,'RJ-45',NULL,NULL,NULL,918),(17352,855,7,'07','',1,NULL,NULL,'RJ-45',NULL,NULL,NULL,919),(17353,855,8,'08','',1,NULL,NULL,'RJ-45',NULL,NULL,NULL,920),(17354,855,9,'09','',1,NULL,NULL,'RJ-45',NULL,NULL,NULL,921),(17355,855,10,'10','',1,NULL,NULL,'RJ-45',NULL,NULL,NULL,922),(17356,855,11,'11','',1,NULL,NULL,'RJ-45',NULL,NULL,NULL,923),(17357,855,12,'12','',1,NULL,NULL,'RJ-45',NULL,NULL,NULL,924),(17358,855,13,'13','',1,NULL,NULL,'RJ-45',NULL,NULL,NULL,925),(17359,855,14,'14','',1,NULL,NULL,'RJ-45',NULL,NULL,NULL,926),(17360,855,15,'15','',1,NULL,NULL,'RJ-45',NULL,NULL,NULL,927),(17361,855,16,'16','',1,NULL,NULL,'RJ-45',NULL,NULL,NULL,928),(17362,855,17,'17','',1,NULL,NULL,'RJ-45',NULL,NULL,NULL,929),(17363,855,18,'18','',1,NULL,NULL,'RJ-45',NULL,NULL,NULL,930),(17364,855,19,'19','',1,NULL,NULL,'RJ-45',NULL,NULL,NULL,931),(17365,855,20,'20','',1,NULL,NULL,'RJ-45',NULL,NULL,NULL,932),(17366,855,21,'21','',1,NULL,NULL,'RJ-45',NULL,NULL,NULL,933),(17367,855,22,'22','',1,NULL,NULL,'RJ-45',NULL,NULL,NULL,934),(17368,855,23,'23','',1,NULL,NULL,'RJ-45',NULL,NULL,NULL,935),(17369,855,24,'24','',1,NULL,NULL,'RJ-45',NULL,NULL,NULL,936),(17370,856,1,'01','',3,NULL,NULL,'RJ-45',NULL,NULL,NULL,1588),(17371,856,2,'02','',3,NULL,NULL,'RJ-45',NULL,NULL,NULL,1589),(17372,856,3,'03','',3,NULL,NULL,'RJ-45',NULL,NULL,NULL,1590),(17373,856,4,'04','',3,NULL,NULL,'LC',NULL,NULL,NULL,1591),(17374,856,4,'04 B',NULL,3,NULL,NULL,'LC',NULL,NULL,NULL,1592),(17375,856,4,'04 A',NULL,3,NULL,NULL,'LC',NULL,NULL,NULL,1593),(17376,856,5,'05','',3,NULL,NULL,'LC',NULL,NULL,NULL,1594),(17377,856,5,'05 B',NULL,3,NULL,NULL,'LC',NULL,NULL,NULL,1595),(17378,856,5,'05 A',NULL,3,NULL,NULL,'LC',NULL,NULL,NULL,1596),(17379,857,1,'01','',3,NULL,NULL,'RJ-45',NULL,NULL,NULL,1597),(17380,857,2,'02','',3,NULL,NULL,'RJ-45',NULL,NULL,NULL,1598),(17381,857,3,'03','',3,NULL,NULL,'RJ-45',NULL,NULL,NULL,1599),(17382,857,4,'04','',3,NULL,NULL,'RJ-45',NULL,NULL,NULL,1600),(17383,857,5,'05','',3,NULL,NULL,'LC',NULL,NULL,NULL,1601),(17384,857,5,'05 B',NULL,3,NULL,NULL,'LC',NULL,NULL,NULL,1602),(17385,857,5,'05 A',NULL,3,NULL,NULL,'LC',NULL,NULL,NULL,1603),(17386,858,1,'01','',3,NULL,NULL,'RJ-45',NULL,NULL,NULL,1604),(17387,858,2,'02','',3,NULL,NULL,'RJ-45',NULL,NULL,NULL,1605),(17388,858,3,'03','',3,NULL,NULL,'LC',NULL,NULL,NULL,1606),(17389,858,3,'03 B',NULL,3,NULL,NULL,'LC',NULL,NULL,NULL,1607),(17390,858,3,'03 A',NULL,3,NULL,NULL,'LC',NULL,NULL,NULL,1608),(17391,858,4,'04','',3,NULL,NULL,'LC',NULL,NULL,NULL,1609),(17392,858,4,'04 B',NULL,3,NULL,NULL,'LC',NULL,NULL,NULL,1610),(17393,858,4,'04 A',NULL,3,NULL,NULL,'LC',NULL,NULL,NULL,1611),(17394,859,1,'01','',2,'LAN B',NULL,'RJ-45',NULL,NULL,NULL,2882),(17395,859,2,'02','',2,'LAN B',NULL,'RJ-45',NULL,NULL,NULL,2883),(17396,859,3,'03','',2,'LAN B',NULL,'RJ-45',NULL,NULL,NULL,2884),(17397,859,4,'04','',2,'LAN B',NULL,'RJ-45',NULL,NULL,NULL,2885),(17398,859,5,'05','',2,'LAN B',NULL,'RJ-45',NULL,NULL,NULL,2886),(17399,859,6,'06','',2,'LAN B',NULL,'RJ-45',NULL,NULL,NULL,2887),(17400,859,7,'07','',2,'LAN B',NULL,'RJ-45',NULL,NULL,NULL,2888),(17401,859,8,'08','',2,'LAN B',NULL,'RJ-45',NULL,NULL,NULL,2889),(17402,859,9,'09','',2,'LAN B',NULL,'RJ-45',NULL,NULL,NULL,2890),(17403,859,10,'10','',2,'LAN B',NULL,'RJ-45',NULL,NULL,NULL,2891),(17404,859,11,'11','',2,'LAN B',NULL,'RJ-45',NULL,NULL,NULL,2892),(17405,859,12,'12','',2,'LAN B',NULL,'RJ-45',NULL,NULL,NULL,2893),(17406,859,13,'13','',2,'LAN B',NULL,'RJ-45',NULL,NULL,NULL,2894),(17407,859,14,'14','',2,'LAN B',NULL,'RJ-45',NULL,NULL,NULL,2895),(17408,859,15,'15','',2,'LAN B',NULL,'RJ-45',NULL,NULL,NULL,2896),(17409,859,16,'16','',2,'LAN B',NULL,'RJ-45',NULL,NULL,NULL,2897),(17410,859,17,'17','',2,'LAN B',NULL,'RJ-45',NULL,NULL,NULL,2898),(17411,859,18,'18','',2,'LAN B',NULL,'RJ-45',NULL,NULL,NULL,2899),(17412,859,19,'19','',2,'LAN B',NULL,'RJ-45',NULL,NULL,NULL,2900),(17413,859,20,'20','',2,'LAN B',NULL,'RJ-45',NULL,NULL,NULL,2901),(17414,859,21,'21','',2,'LAN B',NULL,'RJ-45',NULL,NULL,NULL,2902),(17415,859,22,'22','',2,'LAN B',NULL,'RJ-45',NULL,NULL,NULL,2903),(17416,859,23,'23','',2,'LAN B',NULL,'RJ-45',NULL,NULL,NULL,2904),(17417,859,24,'24','',2,'LAN B',NULL,'RJ-45',NULL,NULL,NULL,2905),(17418,859,25,'25','',2,'Privada AB',NULL,'RJ-45',NULL,NULL,NULL,2906),(17419,859,26,'26','',2,'Privada AB',NULL,'RJ-45',NULL,NULL,NULL,2907),(17420,859,27,'27','',2,'Privada AB',NULL,'RJ-45',NULL,NULL,NULL,2908),(17421,859,28,'28','',2,'Privada AB',NULL,'RJ-45',NULL,NULL,NULL,2909),(17422,859,29,'29','',2,'Privada AB',NULL,'RJ-45',NULL,NULL,NULL,2910),(17423,859,30,'30','',2,'Privada AB',NULL,'RJ-45',NULL,NULL,NULL,2911),(17424,859,31,'31','',2,'Privada AB',NULL,'RJ-45',NULL,NULL,NULL,2912),(17425,859,32,'32','',2,'Privada AB',NULL,'RJ-45',NULL,NULL,NULL,2913),(17426,859,33,'33','',2,'Privada AB',NULL,'RJ-45',NULL,NULL,NULL,2914),(17427,859,34,'34','',2,'Privada AB',NULL,'RJ-45',NULL,NULL,NULL,2915),(17428,859,35,'35','',2,'Privada AB',NULL,'RJ-45',NULL,NULL,NULL,2916),(17429,859,36,'36','',2,'Privada AB',NULL,'RJ-45',NULL,NULL,NULL,2917),(17430,859,37,'37','',2,'Privada AB',NULL,'RJ-45',NULL,NULL,NULL,2918),(17431,859,38,'38','',2,'Privada AB',NULL,'RJ-45',NULL,NULL,NULL,2919),(17432,859,39,'39','',2,'Privada AB',NULL,'RJ-45',NULL,NULL,NULL,2920),(17433,859,40,'40','',2,'Privada AB',NULL,'RJ-45',NULL,NULL,NULL,2921),(17434,859,41,'41','',2,'Privada AB',NULL,'RJ-45',NULL,NULL,NULL,2922),(17435,859,42,'42','',2,'Privada AB',NULL,'RJ-45',NULL,NULL,NULL,2923),(17436,859,43,'43','',2,'Privada AB',NULL,'RJ-45',NULL,NULL,NULL,2924),(17437,859,44,'44','',2,'Privada AB',NULL,'RJ-45',NULL,NULL,NULL,2925),(17438,859,45,'45','',1,'LAN B','1G','RJ-45',NULL,NULL,NULL,2926),(17439,859,46,'46','',1,'LAN B','10G','RJ-45',NULL,NULL,NULL,2927),(17440,859,47,'47','',1,'Privada AB','1G','RJ-45',NULL,NULL,NULL,2928),(17441,859,48,'48','',1,'Privada AB','10G','RJ-45',NULL,NULL,NULL,2929),(17442,859,49,'49','',2,'FO B',NULL,'LC',NULL,NULL,NULL,2930),(17443,859,49,'49 B',NULL,2,'FO B',NULL,'LC',NULL,NULL,NULL,2931),(17444,859,49,'49 A',NULL,2,'FO B',NULL,'LC',NULL,NULL,NULL,2932),(17445,859,50,'50','',2,'FO B',NULL,'LC',NULL,NULL,NULL,2933),(17446,859,50,'50 B',NULL,2,'FO B',NULL,'LC',NULL,NULL,NULL,2934),(17447,859,50,'50 A',NULL,2,'FO B',NULL,'LC',NULL,NULL,NULL,2935),(17448,859,51,'51','',1,'FO B','1G','LC',NULL,NULL,NULL,2936),(17449,859,51,'51 B',NULL,1,'FO B','1G','LC',NULL,NULL,NULL,2937),(17450,859,51,'51 A',NULL,1,'FO B','1G','LC',NULL,NULL,NULL,2938),(17451,859,52,'52','',2,'FO B',NULL,'LC',NULL,NULL,NULL,2939),(17452,859,52,'52 B',NULL,2,'FO B',NULL,'LC',NULL,NULL,NULL,2940),(17453,859,52,'52 A',NULL,2,'FO B',NULL,'LC',NULL,NULL,NULL,2941),(17454,859,53,'53','',2,'FO B',NULL,'LC',NULL,NULL,NULL,2942),(17455,859,53,'53 B',NULL,2,'FO B',NULL,'LC',NULL,NULL,NULL,2943),(17456,859,53,'53 A',NULL,2,'FO B',NULL,'LC',NULL,NULL,NULL,2944),(17457,859,54,'54','',1,NULL,NULL,'LC',NULL,NULL,NULL,2945),(17458,859,54,'54 B',NULL,1,NULL,NULL,'LC',NULL,NULL,NULL,2946),(17459,859,54,'54 A',NULL,1,NULL,NULL,'LC',NULL,NULL,NULL,2947),(17460,859,55,'55','',2,'FO B',NULL,'LC',NULL,NULL,NULL,2948),(17461,859,55,'55 B',NULL,2,'FO B',NULL,'LC',NULL,NULL,NULL,2949),(17462,859,55,'55 A',NULL,2,'FO B',NULL,'LC',NULL,NULL,NULL,2950),(17463,859,56,'56','',2,'FO B',NULL,'LC',NULL,NULL,NULL,2951),(17464,859,56,'56 B',NULL,2,'FO B',NULL,'LC',NULL,NULL,NULL,2952),(17465,859,56,'56 A',NULL,2,'FO B',NULL,'LC',NULL,NULL,NULL,2953),(17466,859,57,'57','',1,NULL,NULL,'LC',NULL,NULL,NULL,2954),(17467,859,57,'57 B',NULL,1,NULL,NULL,'LC',NULL,NULL,NULL,2955),(17468,859,57,'57 A',NULL,1,NULL,NULL,'LC',NULL,NULL,NULL,2956),(17469,859,58,'58','',2,'FO B',NULL,'LC',NULL,NULL,NULL,2957),(17470,859,58,'58 B',NULL,2,'FO B',NULL,'LC',NULL,NULL,NULL,2958),(17471,859,58,'58 A',NULL,2,'FO B',NULL,'LC',NULL,NULL,NULL,2959),(17472,859,59,'59','',2,'FO B',NULL,'LC',NULL,NULL,NULL,2960),(17473,859,59,'59 B',NULL,2,'FO B',NULL,'LC',NULL,NULL,NULL,2961),(17474,859,59,'59 A',NULL,2,'FO B',NULL,'LC',NULL,NULL,NULL,2962),(17475,859,60,'60','',1,NULL,NULL,'LC',NULL,NULL,NULL,2963),(17476,859,60,'60 B',NULL,1,NULL,NULL,'LC',NULL,NULL,NULL,2964),(17477,859,60,'60 A',NULL,1,NULL,NULL,'LC',NULL,NULL,NULL,2965),(17478,860,1,'01','',1,NULL,NULL,'RJ-45',NULL,NULL,NULL,937),(17479,860,2,'02','',1,NULL,NULL,'RJ-45',NULL,NULL,NULL,938),(17480,860,3,'03','',1,NULL,NULL,'RJ-45',NULL,NULL,NULL,939),(17481,860,4,'04','',1,NULL,NULL,'RJ-45',NULL,NULL,NULL,940),(17482,860,5,'05','',1,NULL,NULL,'RJ-45',NULL,NULL,NULL,941),(17483,860,6,'06','',1,NULL,NULL,'RJ-45',NULL,NULL,NULL,942),(17484,860,7,'07','',1,NULL,NULL,'RJ-45',NULL,NULL,NULL,943),(17485,860,8,'08','',1,NULL,NULL,'RJ-45',NULL,NULL,NULL,944),(17486,860,9,'09','',1,NULL,NULL,'RJ-45',NULL,NULL,NULL,945),(17487,860,10,'10','',1,NULL,NULL,'RJ-45',NULL,NULL,NULL,946),(17488,860,11,'11','',1,NULL,NULL,'RJ-45',NULL,NULL,NULL,947),(17489,860,12,'12','',1,NULL,NULL,'RJ-45',NULL,NULL,NULL,948),(17490,860,13,'13','',1,NULL,NULL,'RJ-45',NULL,NULL,NULL,949),(17491,860,14,'14','',1,NULL,NULL,'RJ-45',NULL,NULL,NULL,950),(17492,860,15,'15','',1,NULL,NULL,'RJ-45',NULL,NULL,NULL,951),(17493,860,16,'16','',1,NULL,NULL,'RJ-45',NULL,NULL,NULL,952),(17494,860,17,'17','',1,NULL,NULL,'RJ-45',NULL,NULL,NULL,953),(17495,860,18,'18','',1,NULL,NULL,'RJ-45',NULL,NULL,NULL,954),(17496,860,19,'19','',1,NULL,NULL,'RJ-45',NULL,NULL,NULL,955),(17497,860,20,'20','',1,NULL,NULL,'RJ-45',NULL,NULL,NULL,956),(17498,860,21,'21','',1,NULL,NULL,'RJ-45',NULL,NULL,NULL,957),(17499,860,22,'22','',1,NULL,NULL,'RJ-45',NULL,NULL,NULL,958),(17500,860,23,'23','',1,NULL,NULL,'RJ-45',NULL,NULL,NULL,959),(17501,860,24,'24','',1,NULL,NULL,'RJ-45',NULL,NULL,NULL,960),(17502,861,1,'01','',3,NULL,NULL,'RJ-45',NULL,NULL,NULL,1612),(17503,861,2,'02','',3,NULL,NULL,'RJ-45',NULL,NULL,NULL,1613),(17504,861,3,'03','',3,NULL,NULL,'RJ-45',NULL,NULL,NULL,1614),(17505,861,4,'04','',3,NULL,NULL,'LC',NULL,NULL,NULL,1615),(17506,861,4,'04 B',NULL,3,NULL,NULL,'LC',NULL,NULL,NULL,1616),(17507,861,4,'04 A',NULL,3,NULL,NULL,'LC',NULL,NULL,NULL,1617),(17508,861,5,'05','',3,NULL,NULL,'LC',NULL,NULL,NULL,1618),(17509,861,5,'05 B',NULL,3,NULL,NULL,'LC',NULL,NULL,NULL,1619),(17510,861,5,'05 A',NULL,3,NULL,NULL,'LC',NULL,NULL,NULL,1620),(17511,862,1,'01','',3,NULL,NULL,'RJ-45',NULL,NULL,NULL,1621),(17512,862,2,'02','',3,NULL,NULL,'RJ-45',NULL,NULL,NULL,1622),(17513,862,3,'03','',3,NULL,NULL,'RJ-45',NULL,NULL,NULL,1623),(17514,862,4,'04','',3,NULL,NULL,'RJ-45',NULL,NULL,NULL,1624),(17515,862,5,'05','',3,NULL,NULL,'LC',NULL,NULL,NULL,1625),(17516,862,5,'05 B',NULL,3,NULL,NULL,'LC',NULL,NULL,NULL,1626),(17517,862,5,'05 A',NULL,3,NULL,NULL,'LC',NULL,NULL,NULL,1627),(17518,863,1,'01','',3,NULL,NULL,'RJ-45',NULL,NULL,NULL,1628),(17519,863,2,'02','',3,NULL,NULL,'RJ-45',NULL,NULL,NULL,1629),(17520,863,3,'03','',3,NULL,NULL,'LC',NULL,NULL,NULL,1630),(17521,863,3,'03 B',NULL,3,NULL,NULL,'LC',NULL,NULL,NULL,1631),(17522,863,3,'03 A',NULL,3,NULL,NULL,'LC',NULL,NULL,NULL,1632),(17523,863,4,'04','',3,NULL,NULL,'LC',NULL,NULL,NULL,1633),(17524,863,4,'04 B',NULL,3,NULL,NULL,'LC',NULL,NULL,NULL,1634),(17525,863,4,'04 A',NULL,3,NULL,NULL,'LC',NULL,NULL,NULL,1635),(17526,864,1,'01','',3,NULL,NULL,'RJ-45',NULL,NULL,NULL,1636),(17527,864,2,'02','',3,NULL,NULL,'RJ-45',NULL,NULL,NULL,1637),(17528,864,3,'03','',3,NULL,NULL,'RJ-45',NULL,NULL,NULL,1638),(17529,864,4,'04','',3,NULL,NULL,'LC',NULL,NULL,NULL,1639),(17530,864,4,'04 B',NULL,3,NULL,NULL,'LC',NULL,NULL,NULL,1640),(17531,864,4,'04 A',NULL,3,NULL,NULL,'LC',NULL,NULL,NULL,1641),(17532,864,5,'05','',3,NULL,NULL,'LC',NULL,NULL,NULL,1642),(17533,864,5,'05 B',NULL,3,NULL,NULL,'LC',NULL,NULL,NULL,1643),(17534,864,5,'05 A',NULL,3,NULL,NULL,'LC',NULL,NULL,NULL,1644),(17535,865,1,'01','',3,NULL,NULL,'RJ-45',NULL,NULL,NULL,1645),(17536,865,2,'02','',3,NULL,NULL,'RJ-45',NULL,NULL,NULL,1646),(17537,865,3,'03','',3,NULL,NULL,'RJ-45',NULL,NULL,NULL,1647),(17538,865,4,'04','',3,NULL,NULL,'RJ-45',NULL,NULL,NULL,1648),(17539,865,5,'05','',3,NULL,NULL,'LC',NULL,NULL,NULL,1649),(17540,865,5,'05 B',NULL,3,NULL,NULL,'LC',NULL,NULL,NULL,1650),(17541,865,5,'05 A',NULL,3,NULL,NULL,'LC',NULL,NULL,NULL,1651),(17542,866,1,'01','',3,NULL,NULL,'RJ-45',NULL,NULL,NULL,1652),(17543,866,2,'02','',3,NULL,NULL,'RJ-45',NULL,NULL,NULL,1653),(17544,866,3,'03','',3,NULL,NULL,'LC',NULL,NULL,NULL,1654),(17545,866,3,'03 B',NULL,3,NULL,NULL,'LC',NULL,NULL,NULL,1655),(17546,866,3,'03 A',NULL,3,NULL,NULL,'LC',NULL,NULL,NULL,1656),(17547,866,4,'04','',3,NULL,NULL,'LC',NULL,NULL,NULL,1657),(17548,866,4,'04 B',NULL,3,NULL,NULL,'LC',NULL,NULL,NULL,1658),(17549,866,4,'04 A',NULL,3,NULL,NULL,'LC',NULL,NULL,NULL,1659),(17550,867,1,'01','',3,NULL,NULL,'RJ-45',NULL,NULL,NULL,1832),(17551,867,2,'02','',3,NULL,NULL,'RJ-45',NULL,NULL,NULL,1833),(17552,867,3,'03','',3,NULL,NULL,'RJ-45',NULL,NULL,NULL,1834),(17553,867,4,'04','',3,NULL,NULL,'LC',NULL,NULL,NULL,1835),(17554,867,4,'04 B',NULL,3,NULL,NULL,'LC',NULL,NULL,NULL,1836),(17555,867,4,'04 A',NULL,3,NULL,NULL,'LC',NULL,NULL,NULL,1837),(17556,867,5,'05','',3,NULL,NULL,'LC',NULL,NULL,NULL,1838),(17557,867,5,'05 B',NULL,3,NULL,NULL,'LC',NULL,NULL,NULL,1839),(17558,867,5,'05 A',NULL,3,NULL,NULL,'LC',NULL,NULL,NULL,1840),(17559,868,1,'01','',3,NULL,NULL,'RJ-45',NULL,NULL,NULL,1841),(17560,868,2,'02','',3,NULL,NULL,'RJ-45',NULL,NULL,NULL,1842),(17561,868,3,'03','',3,NULL,NULL,'RJ-45',NULL,NULL,NULL,1843),(17562,868,4,'04','',3,NULL,NULL,'LC',NULL,NULL,NULL,1844),(17563,868,4,'04 B',NULL,3,NULL,NULL,'LC',NULL,NULL,NULL,1845),(17564,868,4,'04 A',NULL,3,NULL,NULL,'LC',NULL,NULL,NULL,1846),(17565,868,5,'05','',3,NULL,NULL,'LC',NULL,NULL,NULL,1847),(17566,868,5,'05 B',NULL,3,NULL,NULL,'LC',NULL,NULL,NULL,1848),(17567,868,5,'05 A',NULL,3,NULL,NULL,'LC',NULL,NULL,NULL,1849),(17568,869,1,'01','',3,NULL,NULL,'RJ-45',NULL,NULL,NULL,1850),(17569,869,2,'02','',3,NULL,NULL,'RJ-45',NULL,NULL,NULL,1851),(17570,869,3,'03','',3,NULL,NULL,'RJ-45',NULL,NULL,NULL,1852),(17571,869,4,'04','',3,NULL,NULL,'LC',NULL,NULL,NULL,1853),(17572,869,4,'04 B',NULL,3,NULL,NULL,'LC',NULL,NULL,NULL,1854),(17573,869,4,'04 A',NULL,3,NULL,NULL,'LC',NULL,NULL,NULL,1855),(17574,869,5,'05','',3,NULL,NULL,'LC',NULL,NULL,NULL,1856),(17575,869,5,'05 B',NULL,3,NULL,NULL,'LC',NULL,NULL,NULL,1857),(17576,869,5,'05 A',NULL,3,NULL,NULL,'LC',NULL,NULL,NULL,1858),(17577,870,1,'01','',3,NULL,NULL,'RJ-45',NULL,NULL,NULL,1859),(17578,870,2,'02','',3,NULL,NULL,'RJ-45',NULL,NULL,NULL,1860),(17579,870,3,'03','',3,NULL,NULL,'RJ-45',NULL,NULL,NULL,1861),(17580,870,4,'04','',3,NULL,NULL,'LC',NULL,NULL,NULL,1862),(17581,870,4,'04 B',NULL,3,NULL,NULL,'LC',NULL,NULL,NULL,1863),(17582,870,4,'04 A',NULL,3,NULL,NULL,'LC',NULL,NULL,NULL,1864),(17583,870,5,'05','',3,NULL,NULL,'LC',NULL,NULL,NULL,1865),(17584,870,5,'05 B',NULL,3,NULL,NULL,'LC',NULL,NULL,NULL,1866),(17585,870,5,'05 A',NULL,3,NULL,NULL,'LC',NULL,NULL,NULL,1867),(17586,871,1,'01','',2,'LAN B',NULL,'RJ-45',NULL,NULL,NULL,2966),(17587,871,2,'02','',2,'LAN B',NULL,'RJ-45',NULL,NULL,NULL,2967),(17588,871,3,'03','',2,'LAN B',NULL,'RJ-45',NULL,NULL,NULL,2968),(17589,871,4,'04','',1,NULL,NULL,'RJ-45',NULL,NULL,NULL,2969),(17590,871,5,'05','',1,NULL,NULL,'RJ-45',NULL,NULL,NULL,2970),(17591,871,6,'06','',1,NULL,NULL,'RJ-45',NULL,NULL,NULL,2971),(17592,871,7,'07','',1,NULL,NULL,'RJ-45',NULL,NULL,NULL,2972),(17593,871,8,'08','',2,'LAN B',NULL,'RJ-45',NULL,NULL,NULL,2973),(17594,871,9,'09','',2,'LAN B',NULL,'RJ-45',NULL,NULL,NULL,2974),(17595,871,10,'10','',2,'LAN B',NULL,'RJ-45',NULL,NULL,NULL,2975),(17596,871,11,'11','',2,'LAN B',NULL,'RJ-45',NULL,NULL,NULL,2976),(17597,871,12,'12','',2,'LAN B',NULL,'RJ-45',NULL,NULL,NULL,2977),(17598,871,13,'13','',1,NULL,NULL,'RJ-45',NULL,NULL,NULL,2978),(17599,871,14,'14','',1,NULL,NULL,'RJ-45',NULL,NULL,NULL,2979),(17600,871,15,'15','',1,NULL,NULL,'RJ-45',NULL,NULL,NULL,2980),(17601,871,16,'16','',1,NULL,NULL,'RJ-45',NULL,NULL,NULL,2981),(17602,871,17,'17','',2,'Privada AB',NULL,'RJ-45',NULL,NULL,NULL,2982),(17603,871,18,'18','',2,'Privada AB',NULL,'RJ-45',NULL,NULL,NULL,2983),(17604,871,19,'19','',2,'Privada AB',NULL,'RJ-45',NULL,NULL,NULL,2984),(17605,871,20,'20','',2,'Privada AB',NULL,'RJ-45',NULL,NULL,NULL,2985),(17606,871,21,'21','',2,'Privada AB',NULL,'RJ-45',NULL,NULL,NULL,2986),(17607,871,22,'22','',2,'Privada AB',NULL,'RJ-45',NULL,NULL,NULL,2987),(17608,871,23,'23','',1,NULL,NULL,'RJ-45',NULL,NULL,NULL,2988),(17609,871,24,'24','',1,NULL,NULL,'RJ-45',NULL,NULL,NULL,2989),(17610,871,25,'25','',1,NULL,NULL,'RJ-45',NULL,NULL,NULL,2990),(17611,871,26,'26','',1,NULL,NULL,'RJ-45',NULL,NULL,NULL,2991),(17612,871,27,'27','',1,NULL,NULL,'RJ-45',NULL,NULL,NULL,2992),(17613,871,28,'28','',1,NULL,NULL,'RJ-45',NULL,NULL,NULL,2993),(17614,871,29,'29','',2,'Privada AB',NULL,'RJ-45',NULL,NULL,NULL,2994),(17615,871,30,'30','',2,'Privada AB',NULL,'RJ-45',NULL,NULL,NULL,2995),(17616,871,31,'31','',2,'Privada AB',NULL,'RJ-45',NULL,NULL,NULL,2996),(17617,871,32,'32','',2,'Privada AB',NULL,'RJ-45',NULL,NULL,NULL,2997),(17618,871,33,'33','',2,'Privada AB',NULL,'RJ-45',NULL,NULL,NULL,2998),(17619,871,34,'34','',2,'Privada AB',NULL,'RJ-45',NULL,NULL,NULL,2999),(17620,871,35,'35','',2,'Privada AB',NULL,'RJ-45',NULL,NULL,NULL,3000),(17621,871,36,'36','',1,NULL,NULL,'RJ-45',NULL,NULL,NULL,3001),(17622,871,37,'37','',1,NULL,NULL,'RJ-45',NULL,NULL,NULL,3002),(17623,871,38,'38','',1,NULL,NULL,'RJ-45',NULL,NULL,NULL,3003),(17624,871,39,'39','',2,'LAN B',NULL,'RJ-45',NULL,NULL,NULL,3004),(17625,871,40,'40','',2,'LAN B',NULL,'RJ-45',NULL,NULL,NULL,3005),(17626,871,41,'41','',2,'LAN B',NULL,'RJ-45',NULL,NULL,NULL,3006),(17627,871,42,'42','',1,NULL,NULL,'RJ-45',NULL,NULL,NULL,3007),(17628,871,43,'43','',2,'LAN B',NULL,'RJ-45',NULL,NULL,NULL,3008),(17629,871,44,'44','',2,'LAN B',NULL,'RJ-45',NULL,NULL,NULL,3009),(17630,871,45,'45','',2,'LAN B',NULL,'RJ-45',NULL,NULL,NULL,3010),(17631,871,46,'46','',2,'LAN B',NULL,'RJ-45',NULL,NULL,NULL,3011),(17632,871,47,'47','',1,NULL,NULL,'RJ-45',NULL,NULL,NULL,3012),(17633,871,48,'48','',2,'Privada AB',NULL,'RJ-45',NULL,NULL,NULL,3013),(17634,871,49,'49','',2,'FO B',NULL,'LC',NULL,NULL,NULL,3014),(17635,871,49,'49 B',NULL,2,'FO B',NULL,'LC',NULL,NULL,NULL,3015),(17636,871,49,'49 A',NULL,2,'FO B',NULL,'LC',NULL,NULL,NULL,3016),(17637,871,50,'50','',2,'FO B',NULL,'LC',NULL,NULL,NULL,3017),(17638,871,50,'50 B',NULL,2,'FO B',NULL,'LC',NULL,NULL,NULL,3018),(17639,871,50,'50 A',NULL,2,'FO B',NULL,'LC',NULL,NULL,NULL,3019),(17640,871,51,'51','',2,'FO B',NULL,'LC',NULL,NULL,NULL,3020),(17641,871,51,'51 B',NULL,2,'FO B',NULL,'LC',NULL,NULL,NULL,3021),(17642,871,51,'51 A',NULL,2,'FO B',NULL,'LC',NULL,NULL,NULL,3022),(17643,871,52,'52','',1,NULL,NULL,'LC',NULL,NULL,NULL,3023),(17644,871,52,'52 B',NULL,1,NULL,NULL,'LC',NULL,NULL,NULL,3024),(17645,871,52,'52 A',NULL,1,NULL,NULL,'LC',NULL,NULL,NULL,3025),(17646,871,53,'53','',2,'FO B',NULL,'LC',NULL,NULL,NULL,3026),(17647,871,53,'53 B',NULL,2,'FO B',NULL,'LC',NULL,NULL,NULL,3027),(17648,871,53,'53 A',NULL,2,'FO B',NULL,'LC',NULL,NULL,NULL,3028),(17649,871,54,'54','',2,'FO B',NULL,'LC',NULL,NULL,NULL,3029),(17650,871,54,'54 B',NULL,2,'FO B',NULL,'LC',NULL,NULL,NULL,3030),(17651,871,54,'54 A',NULL,2,'FO B',NULL,'LC',NULL,NULL,NULL,3031),(17652,871,55,'55','',2,'FO B',NULL,'LC',NULL,NULL,NULL,3032),(17653,871,55,'55 B',NULL,2,'FO B',NULL,'LC',NULL,NULL,NULL,3033),(17654,871,55,'55 A',NULL,2,'FO B',NULL,'LC',NULL,NULL,NULL,3034),(17655,871,56,'56','',1,NULL,NULL,'LC',NULL,NULL,NULL,3035),(17656,871,56,'56 B',NULL,1,NULL,NULL,'LC',NULL,NULL,NULL,3036),(17657,871,56,'56 A',NULL,1,NULL,NULL,'LC',NULL,NULL,NULL,3037),(17658,871,57,'57','',2,'FO B',NULL,'LC',NULL,NULL,NULL,3038),(17659,871,57,'57 B',NULL,2,'FO B',NULL,'LC',NULL,NULL,NULL,3039),(17660,871,57,'57 A',NULL,2,'FO B',NULL,'LC',NULL,NULL,NULL,3040),(17661,871,58,'58','',2,'FO B',NULL,'LC',NULL,NULL,NULL,3041),(17662,871,58,'58 B',NULL,2,'FO B',NULL,'LC',NULL,NULL,NULL,3042),(17663,871,58,'58 A',NULL,2,'FO B',NULL,'LC',NULL,NULL,NULL,3043),(17664,871,59,'59','',2,'FO B',NULL,'LC',NULL,NULL,NULL,3044),(17665,871,59,'59 B',NULL,2,'FO B',NULL,'LC',NULL,NULL,NULL,3045),(17666,871,59,'59 A',NULL,2,'FO B',NULL,'LC',NULL,NULL,NULL,3046),(17667,871,60,'60','',1,NULL,NULL,'LC',NULL,NULL,NULL,3047),(17668,871,60,'60 B',NULL,1,NULL,NULL,'LC',NULL,NULL,NULL,3048),(17669,871,60,'60 A',NULL,1,NULL,NULL,'LC',NULL,NULL,NULL,3049),(17670,872,1,'01','',2,NULL,NULL,'RJ-45',NULL,NULL,NULL,961),(17671,872,2,'02','',2,NULL,NULL,'RJ-45',NULL,NULL,NULL,962),(17672,872,3,'03','',1,NULL,NULL,'RJ-45',NULL,NULL,NULL,963),(17673,872,4,'04','',2,NULL,NULL,'RJ-45',NULL,NULL,NULL,964),(17674,872,5,'05','',2,NULL,NULL,'RJ-45',NULL,NULL,NULL,965),(17675,872,6,'06','',1,NULL,NULL,'RJ-45',NULL,NULL,NULL,966),(17676,872,7,'07','',1,NULL,NULL,'RJ-45',NULL,NULL,NULL,967),(17677,872,8,'08','',1,NULL,NULL,'RJ-45',NULL,NULL,NULL,968),(17678,872,9,'09','',1,NULL,NULL,'RJ-45',NULL,NULL,NULL,969),(17679,872,10,'10','',1,NULL,NULL,'RJ-45',NULL,NULL,NULL,970),(17680,872,11,'11','',1,NULL,NULL,'RJ-45',NULL,NULL,NULL,971),(17681,872,12,'12','',1,NULL,NULL,'RJ-45',NULL,NULL,NULL,972),(17682,872,13,'13','',1,NULL,NULL,'RJ-45',NULL,NULL,NULL,973),(17683,872,14,'14','',1,NULL,NULL,'RJ-45',NULL,NULL,NULL,974),(17684,872,15,'15','',1,NULL,NULL,'RJ-45',NULL,NULL,NULL,975),(17685,872,16,'16','',1,NULL,NULL,'RJ-45',NULL,NULL,NULL,976),(17686,872,17,'17','',1,NULL,NULL,'RJ-45',NULL,NULL,NULL,977),(17687,872,18,'18','',1,NULL,NULL,'RJ-45',NULL,NULL,NULL,978),(17688,872,19,'19','',1,NULL,NULL,'RJ-45',NULL,NULL,NULL,979),(17689,872,20,'20','',1,NULL,NULL,'RJ-45',NULL,NULL,NULL,980),(17690,872,21,'21','',1,NULL,NULL,'RJ-45',NULL,NULL,NULL,981),(17691,872,22,'22','',1,NULL,NULL,'RJ-45',NULL,NULL,NULL,982),(17692,872,23,'23','',1,NULL,NULL,'RJ-45',NULL,NULL,NULL,983),(17693,872,24,'24','',1,NULL,NULL,'RJ-45',NULL,NULL,NULL,984),(17694,873,1,'01','',2,NULL,NULL,'LC',NULL,NULL,NULL,985),(17695,873,2,'02','',2,NULL,NULL,'LC',NULL,NULL,NULL,986),(17696,873,3,'03','',2,NULL,NULL,'LC',NULL,NULL,NULL,987),(17697,873,4,'04','',2,NULL,NULL,'LC',NULL,NULL,NULL,988),(17698,873,5,'05','',2,NULL,NULL,'LC',NULL,NULL,NULL,989),(17699,873,6,'06','',2,NULL,NULL,'LC',NULL,NULL,NULL,990),(17700,873,7,'07','',2,NULL,NULL,'LC',NULL,NULL,NULL,991),(17701,873,8,'08','',1,NULL,NULL,'LC',NULL,NULL,NULL,992),(17702,873,9,'09','',1,NULL,NULL,'LC',NULL,NULL,NULL,993),(17703,873,10,'10','',1,NULL,NULL,'LC',NULL,NULL,NULL,994),(17704,873,11,'11','',1,NULL,NULL,'LC',NULL,NULL,NULL,995),(17705,873,12,'12','',1,NULL,NULL,'LC',NULL,NULL,NULL,996),(17706,873,13,'13','',1,NULL,NULL,'LC',NULL,NULL,NULL,997),(17707,873,14,'14','',1,NULL,NULL,'LC',NULL,NULL,NULL,998),(17708,873,15,'15','',1,NULL,NULL,'LC',NULL,NULL,NULL,999),(17709,873,16,'16','',1,NULL,NULL,'LC',NULL,NULL,NULL,1000),(17710,873,17,'17','',1,NULL,NULL,'LC',NULL,NULL,NULL,1001),(17711,873,18,'18','',1,NULL,NULL,'LC',NULL,NULL,NULL,1002),(17712,873,19,'19','',1,NULL,NULL,'LC',NULL,NULL,NULL,1003),(17713,873,20,'20','',1,NULL,NULL,'LC',NULL,NULL,NULL,1004),(17714,873,21,'21','',1,NULL,NULL,'LC',NULL,NULL,NULL,1005),(17715,873,22,'22','',1,NULL,NULL,'LC',NULL,NULL,NULL,1006),(17716,873,23,'23','',1,NULL,NULL,'LC',NULL,NULL,NULL,1007),(17717,873,24,'24','',1,NULL,NULL,'LC',NULL,NULL,NULL,1008),(17718,873,1,'01 B','',2,NULL,NULL,'LC',NULL,NULL,NULL,1009),(17719,873,1,'01 A','',2,NULL,NULL,'LC',NULL,NULL,NULL,1010),(17720,873,2,'02 B','',2,NULL,NULL,'LC',NULL,NULL,NULL,1011),(17721,873,2,'02 A','',2,NULL,NULL,'LC',NULL,NULL,NULL,1012),(17722,873,3,'03 B','',2,NULL,NULL,'LC',NULL,NULL,NULL,1013),(17723,873,3,'03 A','',2,NULL,NULL,'LC',NULL,NULL,NULL,1014),(17724,873,4,'04 B','',2,NULL,NULL,'LC',NULL,NULL,NULL,1015),(17725,873,4,'04 A','',2,NULL,NULL,'LC',NULL,NULL,NULL,1016),(17726,873,5,'05 B','',2,NULL,NULL,'LC',NULL,NULL,NULL,1017),(17727,873,5,'05 A','',2,NULL,NULL,'LC',NULL,NULL,NULL,1018),(17728,873,6,'06 B','',2,NULL,NULL,'LC',NULL,NULL,NULL,1019),(17729,873,6,'06 A','',2,NULL,NULL,'LC',NULL,NULL,NULL,1020),(17730,873,7,'07 B','',2,NULL,NULL,'LC',NULL,NULL,NULL,1021),(17731,873,7,'07 A','',2,NULL,NULL,'LC',NULL,NULL,NULL,1022),(17732,873,8,'08 B','',1,NULL,NULL,'LC',NULL,NULL,NULL,1023),(17733,873,8,'08 A','',1,NULL,NULL,'LC',NULL,NULL,NULL,1024),(17734,873,9,'09 B','',1,NULL,NULL,'LC',NULL,NULL,NULL,1025),(17735,873,9,'09 A','',1,NULL,NULL,'LC',NULL,NULL,NULL,1026),(17736,873,10,'10 B','',1,NULL,NULL,'LC',NULL,NULL,NULL,1027),(17737,873,10,'10 A','',1,NULL,NULL,'LC',NULL,NULL,NULL,1028),(17738,873,11,'11 B','',1,NULL,NULL,'LC',NULL,NULL,NULL,1029),(17739,873,11,'11 A','',1,NULL,NULL,'LC',NULL,NULL,NULL,1030),(17740,873,12,'12 B','',1,NULL,NULL,'LC',NULL,NULL,NULL,1031),(17741,873,12,'12 A','',1,NULL,NULL,'LC',NULL,NULL,NULL,1032),(17742,873,13,'13 B','',1,NULL,NULL,'LC',NULL,NULL,NULL,1033),(17743,873,13,'13 A','',1,NULL,NULL,'LC',NULL,NULL,NULL,1034),(17744,873,14,'14 B','',1,NULL,NULL,'LC',NULL,NULL,NULL,1035),(17745,873,14,'14 A','',1,NULL,NULL,'LC',NULL,NULL,NULL,1036),(17746,873,15,'15 B','',1,NULL,NULL,'LC',NULL,NULL,NULL,1037),(17747,873,15,'15 A','',1,NULL,NULL,'LC',NULL,NULL,NULL,1038),(17748,873,16,'16 B','',1,NULL,NULL,'LC',NULL,NULL,NULL,1039),(17749,873,16,'16 A','',1,NULL,NULL,'LC',NULL,NULL,NULL,1040),(17750,873,17,'17 B','',1,NULL,NULL,'LC',NULL,NULL,NULL,1041),(17751,873,17,'17 A','',1,NULL,NULL,'LC',NULL,NULL,NULL,1042),(17752,873,18,'18 B','',1,NULL,NULL,'LC',NULL,NULL,NULL,1043),(17753,873,18,'18 A','',1,NULL,NULL,'LC',NULL,NULL,NULL,1044),(17754,873,19,'19 B','',1,NULL,NULL,'LC',NULL,NULL,NULL,1045),(17755,873,19,'19 A','',1,NULL,NULL,'LC',NULL,NULL,NULL,1046),(17756,873,20,'20 B','',1,NULL,NULL,'LC',NULL,NULL,NULL,1047),(17757,873,20,'20 A','',1,NULL,NULL,'LC',NULL,NULL,NULL,1048),(17758,873,21,'21 B','',1,NULL,NULL,'LC',NULL,NULL,NULL,1049),(17759,873,21,'21 A','',1,NULL,NULL,'LC',NULL,NULL,NULL,1050),(17760,873,22,'22 B','',1,NULL,NULL,'LC',NULL,NULL,NULL,1051),(17761,873,22,'22 A','',1,NULL,NULL,'LC',NULL,NULL,NULL,1052),(17762,873,23,'23 B','',1,NULL,NULL,'LC',NULL,NULL,NULL,1053),(17763,873,23,'23 A','',1,NULL,NULL,'LC',NULL,NULL,NULL,1054),(17764,873,24,'24 B','',1,NULL,NULL,'LC',NULL,NULL,NULL,1055),(17765,873,24,'24 A','',1,NULL,NULL,'LC',NULL,NULL,NULL,1056),(17766,874,1,'01','',3,NULL,NULL,'RJ-45',NULL,NULL,NULL,1660),(17767,874,2,'02','',3,NULL,NULL,'RJ-45',NULL,NULL,NULL,1661),(17768,874,3,'03','',3,NULL,NULL,'RJ-45',NULL,NULL,NULL,1662),(17769,874,4,'04','',3,NULL,NULL,'LC',NULL,NULL,NULL,1663),(17770,874,4,'04 B',NULL,3,NULL,NULL,'LC',NULL,NULL,NULL,1664),(17771,874,4,'04 A',NULL,3,NULL,NULL,'LC',NULL,NULL,NULL,1665),(17772,874,5,'05','',3,NULL,NULL,'LC',NULL,NULL,NULL,1666),(17773,874,5,'05 B',NULL,3,NULL,NULL,'LC',NULL,NULL,NULL,1667),(17774,874,5,'05 A',NULL,3,NULL,NULL,'LC',NULL,NULL,NULL,1668),(17775,875,1,'01','',3,NULL,NULL,'RJ-45',NULL,NULL,NULL,1669),(17776,875,2,'02','',3,NULL,NULL,'RJ-45',NULL,NULL,NULL,1670),(17777,875,3,'03','',3,NULL,NULL,'RJ-45',NULL,NULL,NULL,1671),(17778,875,4,'04','',3,NULL,NULL,'RJ-45',NULL,NULL,NULL,1672),(17779,875,5,'05','',3,NULL,NULL,'LC',NULL,NULL,NULL,1673),(17780,875,5,'05 B',NULL,3,NULL,NULL,'LC',NULL,NULL,NULL,1674),(17781,875,5,'05 A',NULL,3,NULL,NULL,'LC',NULL,NULL,NULL,1675),(17782,876,1,'01','',3,NULL,NULL,'RJ-45',NULL,NULL,NULL,1676),(17783,876,2,'02','',3,NULL,NULL,'RJ-45',NULL,NULL,NULL,1677),(17784,876,3,'03','',3,NULL,NULL,'LC',NULL,NULL,NULL,1678),(17785,876,3,'03 B',NULL,3,NULL,NULL,'LC',NULL,NULL,NULL,1679),(17786,876,3,'03 A',NULL,3,NULL,NULL,'LC',NULL,NULL,NULL,1680),(17787,876,4,'04','',3,NULL,NULL,'LC',NULL,NULL,NULL,1681),(17788,876,4,'04 B',NULL,3,NULL,NULL,'LC',NULL,NULL,NULL,1682),(17789,876,4,'04 A',NULL,3,NULL,NULL,'LC',NULL,NULL,NULL,1683),(17790,877,1,'01','',3,NULL,NULL,'RJ-45',NULL,NULL,NULL,1868),(17791,877,2,'02','',3,NULL,NULL,'RJ-45',NULL,NULL,NULL,1869),(17792,877,3,'03','',3,NULL,NULL,'RJ-45',NULL,NULL,NULL,1870),(17793,877,4,'04','',3,NULL,NULL,'RJ-45',NULL,NULL,NULL,1871),(17794,877,5,'05','',3,NULL,NULL,'LC',NULL,NULL,NULL,1872),(17795,877,5,'05 B',NULL,3,NULL,NULL,'LC',NULL,NULL,NULL,1873),(17796,877,5,'05 A',NULL,3,NULL,NULL,'LC',NULL,NULL,NULL,1874),(17797,878,1,'01','',3,NULL,NULL,'RJ-45',NULL,NULL,NULL,1875),(17798,878,2,'02','',3,NULL,NULL,'RJ-45',NULL,NULL,NULL,1876),(17799,878,3,'03','',3,NULL,NULL,'RJ-45',NULL,NULL,NULL,1877),(17800,878,4,'04','',3,NULL,NULL,'RJ-45',NULL,NULL,NULL,1878),(17801,878,5,'05','',3,NULL,NULL,'LC',NULL,NULL,NULL,1879),(17802,878,5,'05 B',NULL,3,NULL,NULL,'LC',NULL,NULL,NULL,1880),(17803,878,5,'05 A',NULL,3,NULL,NULL,'LC',NULL,NULL,NULL,1881),(17804,879,1,'01','',3,NULL,NULL,'RJ-45',NULL,NULL,NULL,1882),(17805,879,2,'02','',3,NULL,NULL,'RJ-45',NULL,NULL,NULL,1883),(17806,879,3,'03','',3,NULL,NULL,'LC',NULL,NULL,NULL,1884),(17807,879,3,'03 B',NULL,3,NULL,NULL,'LC',NULL,NULL,NULL,1885),(17808,879,3,'03 A',NULL,3,NULL,NULL,'LC',NULL,NULL,NULL,1886),(17809,879,4,'04','',3,NULL,NULL,'LC',NULL,NULL,NULL,1887),(17810,879,4,'04 B',NULL,3,NULL,NULL,'LC',NULL,NULL,NULL,1888),(17811,879,4,'04 A',NULL,3,NULL,NULL,'LC',NULL,NULL,NULL,1889),(17812,880,1,'01','',3,NULL,NULL,'RJ-45',NULL,NULL,NULL,1890),(17813,880,2,'02','',3,NULL,NULL,'RJ-45',NULL,NULL,NULL,1891),(17814,880,3,'03','',3,NULL,NULL,'LC',NULL,NULL,NULL,1892),(17815,880,3,'03 B',NULL,3,NULL,NULL,'LC',NULL,NULL,NULL,1893),(17816,880,3,'03 A',NULL,3,NULL,NULL,'LC',NULL,NULL,NULL,1894),(17817,880,4,'04','',3,NULL,NULL,'LC',NULL,NULL,NULL,1895),(17818,880,4,'04 B',NULL,3,NULL,NULL,'LC',NULL,NULL,NULL,1896),(17819,880,4,'04 A',NULL,3,NULL,NULL,'LC',NULL,NULL,NULL,1897),(17820,881,1,'01','',2,'Privada IDF',NULL,'RJ-45',NULL,NULL,NULL,1),(17821,881,2,'02','',2,'Privada IDF',NULL,'RJ-45',NULL,NULL,NULL,2),(17822,881,3,'03','',2,'Privada IDF',NULL,'RJ-45',NULL,NULL,NULL,3),(17823,881,4,'04','',2,'Privada IDF',NULL,'RJ-45',NULL,NULL,NULL,4),(17824,881,5,'05','',2,'Privada IDF',NULL,'RJ-45',NULL,NULL,NULL,5),(17825,881,6,'06','',2,'Privada IDF',NULL,'RJ-45',NULL,NULL,NULL,6),(17826,881,7,'07','',2,'Privada IDF',NULL,'RJ-45',NULL,NULL,NULL,7),(17827,881,8,'08','',2,'Privada IDF',NULL,'RJ-45',NULL,NULL,NULL,8),(17828,881,9,'09','',2,'Privada IDF',NULL,'RJ-45',NULL,NULL,NULL,9),(17829,881,10,'10','',2,'Privada IDF',NULL,'RJ-45',NULL,NULL,NULL,10),(17830,881,11,'11','',2,'Privada IDF',NULL,'RJ-45',NULL,NULL,NULL,11),(17831,881,12,'12','',2,'Privada IDF',NULL,'RJ-45',NULL,NULL,NULL,12),(17832,881,13,'13','',2,'Privada IDF',NULL,'RJ-45',NULL,NULL,NULL,13),(17833,881,14,'14','',2,'Privada IDF',NULL,'RJ-45',NULL,NULL,NULL,14),(17834,881,15,'15','',2,'Privada IDF',NULL,'RJ-45',NULL,NULL,NULL,15),(17835,881,16,'16','',2,'Privada IDF',NULL,'RJ-45',NULL,NULL,NULL,16),(17836,881,17,'17','',2,'Privada IDF',NULL,'RJ-45',NULL,NULL,NULL,17),(17837,881,18,'18','',2,'Privada IDF',NULL,'RJ-45',NULL,NULL,NULL,18),(17838,881,19,'19','',2,'Privada IDF',NULL,'RJ-45',NULL,NULL,NULL,19),(17839,881,20,'20','',2,'Privada IDF',NULL,'RJ-45',NULL,NULL,NULL,20),(17840,881,21,'21','',2,'Privada IDF',NULL,'RJ-45',NULL,NULL,NULL,21),(17841,881,22,'22','',2,'Privada IDF',NULL,'RJ-45',NULL,NULL,NULL,22),(17842,881,23,'23','',2,'Privada IDF',NULL,'RJ-45',NULL,NULL,NULL,23),(17843,881,24,'24','',2,'Privada IDF',NULL,'RJ-45',NULL,NULL,NULL,24),(17844,881,25,'25','',2,'Publica IDF',NULL,'RJ-45',NULL,NULL,NULL,1898),(17845,881,26,'26','',2,'Publica IDF',NULL,'RJ-45',NULL,NULL,NULL,1899),(17846,881,27,'27','',2,'Publica IDF',NULL,'RJ-45',NULL,NULL,NULL,1900),(17847,881,28,'28','',2,'Publica IDF',NULL,'RJ-45',NULL,NULL,NULL,1901),(17848,881,29,'29','',2,'Publica IDF',NULL,'RJ-45',NULL,NULL,NULL,1902),(17849,881,30,'30','',2,'Publica IDF',NULL,'RJ-45',NULL,NULL,NULL,1903),(17850,881,31,'31','',2,'Publica IDF',NULL,'RJ-45',NULL,NULL,NULL,1904),(17851,881,32,'32','',2,'Publica IDF',NULL,'RJ-45',NULL,NULL,NULL,1905),(17852,881,33,'33','',2,'Publica IDF',NULL,'RJ-45',NULL,NULL,NULL,1906),(17853,881,34,'34','',2,'Publica IDF',NULL,'RJ-45',NULL,NULL,NULL,1907),(17854,881,35,'35','',2,'Publica IDF',NULL,'RJ-45',NULL,NULL,NULL,1908),(17855,881,36,'36','',2,'Publica IDF',NULL,'RJ-45',NULL,NULL,NULL,1909),(17856,881,37,'37','',2,'Publica IDF',NULL,'RJ-45',NULL,NULL,NULL,1910),(17857,881,38,'38','',2,'Publica IDF',NULL,'RJ-45',NULL,NULL,NULL,1911),(17858,881,39,'39','',2,'Publica IDF',NULL,'RJ-45',NULL,NULL,NULL,1912),(17859,881,40,'40','',2,'Publica IDF',NULL,'RJ-45',NULL,NULL,NULL,1913),(17860,881,41,'41','',2,'Publica IDF',NULL,'RJ-45',NULL,NULL,NULL,1914),(17861,881,42,'42','',1,'Publica IDF','1G','RJ-45',NULL,NULL,NULL,1915),(17862,881,43,'43','',2,'Publica IDF',NULL,'RJ-45',NULL,NULL,NULL,1916),(17863,881,44,'44','',2,'Publica IDF',NULL,'RJ-45',NULL,NULL,NULL,1917),(17864,881,45,'45','',2,'Publica IDF',NULL,'RJ-45',NULL,NULL,NULL,1918),(17865,881,46,'46','',2,'Publica IDF',NULL,'RJ-45',NULL,NULL,NULL,1919),(17866,881,47,'47','',2,'Publica IDF',NULL,'RJ-45',NULL,NULL,NULL,1920),(17867,881,48,'48','',1,'Publica IDF','10G','RJ-45',NULL,NULL,NULL,1921),(17868,882,1,'01','',2,'FO IDF',NULL,'LC',NULL,NULL,NULL,25),(17869,882,1,'01 B',NULL,2,'FO IDF',NULL,'LC',NULL,NULL,NULL,26),(17870,882,1,'01 A',NULL,2,'FO IDF',NULL,'LC',NULL,NULL,NULL,27),(17871,882,2,'02','',2,'FO IDF',NULL,'LC',NULL,NULL,NULL,28),(17872,882,2,'02 B',NULL,2,'FO IDF',NULL,'LC',NULL,NULL,NULL,29),(17873,882,2,'02 A',NULL,2,'FO IDF',NULL,'LC',NULL,NULL,NULL,30),(17874,882,3,'03','',2,'FO IDF',NULL,'LC',NULL,NULL,NULL,31),(17875,882,3,'03 B',NULL,2,'FO IDF',NULL,'LC',NULL,NULL,NULL,32),(17876,882,3,'03 A',NULL,2,'FO IDF',NULL,'LC',NULL,NULL,NULL,33),(17877,882,4,'04','',2,'FO IDF',NULL,'LC',NULL,NULL,NULL,34),(17878,882,4,'04 B',NULL,2,'FO IDF',NULL,'LC',NULL,NULL,NULL,35),(17879,882,4,'04 A',NULL,2,'FO IDF',NULL,'LC',NULL,NULL,NULL,36),(17880,882,5,'05','',2,'FO IDF',NULL,'LC',NULL,NULL,NULL,37),(17881,882,5,'05 B',NULL,2,'FO IDF',NULL,'LC',NULL,NULL,NULL,38),(17882,882,5,'05 A',NULL,2,'FO IDF',NULL,'LC',NULL,NULL,NULL,39),(17883,882,6,'06','',2,'FO IDF',NULL,'LC',NULL,NULL,NULL,40),(17884,882,6,'06 B',NULL,2,'FO IDF',NULL,'LC',NULL,NULL,NULL,41),(17885,882,6,'06 A',NULL,2,'FO IDF',NULL,'LC',NULL,NULL,NULL,42),(17886,882,7,'07','',2,'FO IDF',NULL,'LC',NULL,NULL,NULL,43),(17887,882,7,'07 B',NULL,2,'FO IDF',NULL,'LC',NULL,NULL,NULL,44),(17888,882,7,'07 A',NULL,2,'FO IDF',NULL,'LC',NULL,NULL,NULL,45),(17889,882,8,'08','',2,'FO IDF',NULL,'LC',NULL,NULL,NULL,46),(17890,882,8,'08 B',NULL,2,'FO IDF',NULL,'LC',NULL,NULL,NULL,47),(17891,882,8,'08 A',NULL,2,'FO IDF',NULL,'LC',NULL,NULL,NULL,48),(17892,882,9,'09','',2,'FO IDF',NULL,'LC',NULL,NULL,NULL,49),(17893,882,9,'09 B',NULL,2,'FO IDF',NULL,'LC',NULL,NULL,NULL,50),(17894,882,9,'09 A',NULL,2,'FO IDF',NULL,'LC',NULL,NULL,NULL,51),(17895,882,10,'10','',2,'FO IDF',NULL,'LC',NULL,NULL,NULL,52),(17896,882,10,'10 B',NULL,2,'FO IDF',NULL,'LC',NULL,NULL,NULL,53),(17897,882,10,'10 A',NULL,2,'FO IDF',NULL,'LC',NULL,NULL,NULL,54),(17898,882,11,'11','',2,'FO IDF',NULL,'LC',NULL,NULL,NULL,55),(17899,882,11,'11 B',NULL,2,'FO IDF',NULL,'LC',NULL,NULL,NULL,56),(17900,882,11,'11 A',NULL,2,'FO IDF',NULL,'LC',NULL,NULL,NULL,57),(17901,882,12,'12','',2,'FO IDF',NULL,'LC',NULL,NULL,NULL,58),(17902,882,12,'12 B',NULL,2,'FO IDF',NULL,'LC',NULL,NULL,NULL,59),(17903,882,12,'12 A',NULL,2,'FO IDF',NULL,'LC',NULL,NULL,NULL,60),(17904,882,13,'13','',2,'FO IDF',NULL,'LC',NULL,NULL,NULL,61),(17905,882,13,'13 B',NULL,2,'FO IDF',NULL,'LC',NULL,NULL,NULL,62),(17906,882,13,'13 A',NULL,2,'FO IDF',NULL,'LC',NULL,NULL,NULL,63),(17907,882,14,'14','',2,'FO IDF',NULL,'LC',NULL,NULL,NULL,64),(17908,882,14,'14 B',NULL,2,'FO IDF',NULL,'LC',NULL,NULL,NULL,65),(17909,882,14,'14 A',NULL,2,'FO IDF',NULL,'LC',NULL,NULL,NULL,66),(17910,882,15,'15','',2,'FO IDF',NULL,'LC',NULL,NULL,NULL,67),(17911,882,15,'15 B',NULL,2,'FO IDF',NULL,'LC',NULL,NULL,NULL,68),(17912,882,15,'15 A',NULL,2,'FO IDF',NULL,'LC',NULL,NULL,NULL,69),(17913,882,16,'16','',2,'FO IDF',NULL,'LC',NULL,NULL,NULL,70),(17914,882,16,'16 B',NULL,2,'FO IDF',NULL,'LC',NULL,NULL,NULL,71),(17915,882,16,'16 A',NULL,2,'FO IDF',NULL,'LC',NULL,NULL,NULL,72),(17916,882,17,'17','',2,'FO IDF',NULL,'LC',NULL,NULL,NULL,73),(17917,882,17,'17 B',NULL,2,'FO IDF',NULL,'LC',NULL,NULL,NULL,74),(17918,882,17,'17 A',NULL,2,'FO IDF',NULL,'LC',NULL,NULL,NULL,75),(17919,882,18,'18','',2,'FO IDF',NULL,'LC',NULL,NULL,NULL,76),(17920,882,18,'18 B',NULL,2,'FO IDF',NULL,'LC',NULL,NULL,NULL,77),(17921,882,18,'18 A',NULL,2,'FO IDF',NULL,'LC',NULL,NULL,NULL,78),(17922,882,19,'19','',2,'FO IDF',NULL,'LC',NULL,NULL,NULL,79),(17923,882,19,'19 B',NULL,2,'FO IDF',NULL,'LC',NULL,NULL,NULL,80),(17924,882,19,'19 A',NULL,2,'FO IDF',NULL,'LC',NULL,NULL,NULL,81),(17925,882,20,'20','',2,'FO IDF',NULL,'LC',NULL,NULL,NULL,82),(17926,882,20,'20 B',NULL,2,'FO IDF',NULL,'LC',NULL,NULL,NULL,83),(17927,882,20,'20 A',NULL,2,'FO IDF',NULL,'LC',NULL,NULL,NULL,84),(17928,882,21,'21','',2,'FO IDF',NULL,'LC',NULL,NULL,NULL,85),(17929,882,21,'21 B',NULL,2,'FO IDF',NULL,'LC',NULL,NULL,NULL,86),(17930,882,21,'21 A',NULL,2,'FO IDF',NULL,'LC',NULL,NULL,NULL,87),(17931,882,22,'22','',2,'FO IDF',NULL,'LC',NULL,NULL,NULL,88),(17932,882,22,'22 B',NULL,2,'FO IDF',NULL,'LC',NULL,NULL,NULL,89),(17933,882,22,'22 A',NULL,2,'FO IDF',NULL,'LC',NULL,NULL,NULL,90),(17934,882,23,'23','',2,'FO IDF',NULL,'LC',NULL,NULL,NULL,91),(17935,882,23,'23 B',NULL,2,'FO IDF',NULL,'LC',NULL,NULL,NULL,92),(17936,882,23,'23 A',NULL,2,'FO IDF',NULL,'LC',NULL,NULL,NULL,93),(17937,882,24,'24','',2,'FO IDF',NULL,'LC',NULL,NULL,NULL,94),(17938,882,24,'24 B',NULL,2,'FO IDF',NULL,'LC',NULL,NULL,NULL,95),(17939,882,24,'24 A',NULL,2,'FO IDF',NULL,'LC',NULL,NULL,NULL,96),(17940,882,25,'25','',2,'FO IDF',NULL,'LC',NULL,NULL,NULL,1970),(17941,882,26,'26','',2,'FO IDF',NULL,'LC',NULL,NULL,NULL,1971),(17942,882,27,'27','',2,'FO IDF',NULL,'LC',NULL,NULL,NULL,1972),(17943,882,28,'28','',2,'FO IDF',NULL,'LC',NULL,NULL,NULL,1973),(17944,882,29,'29','',2,'FO IDF',NULL,'LC',NULL,NULL,NULL,1974),(17945,882,30,'30','',2,'FO IDF',NULL,'LC',NULL,NULL,NULL,1975),(17946,882,31,'31','',2,'FO IDF',NULL,'LC',NULL,NULL,NULL,1976),(17947,882,32,'32','',2,'FO IDF',NULL,'LC',NULL,NULL,NULL,1977),(17948,882,33,'33','',2,'FO IDF Restrita',NULL,'LC',NULL,NULL,NULL,1978),(17949,882,34,'34','',1,'FO IDF','40G','LC',NULL,NULL,NULL,1979),(17950,882,35,'35','',1,'FO IDF','40G','LC',NULL,NULL,NULL,1980),(17951,882,36,'36','',1,'FO IDF',NULL,'LC',NULL,NULL,NULL,1981),(17952,882,37,'37','',1,'FO IDF',NULL,'LC',NULL,NULL,NULL,1982),(17953,882,38,'38','',1,'FO IDF',NULL,'LC',NULL,NULL,NULL,1983),(17954,882,39,'39','',1,'FO IDF',NULL,'LC',NULL,NULL,NULL,1984),(17955,882,40,'40','',1,'FO IDF',NULL,'LC',NULL,NULL,NULL,1985),(17956,882,41,'41','',1,'FO IDF',NULL,'LC',NULL,NULL,NULL,1986),(17957,882,42,'42','',1,'FO IDF',NULL,'LC',NULL,NULL,NULL,1987),(17958,882,43,'43','',1,'FO IDF',NULL,'LC',NULL,NULL,NULL,1988),(17959,882,44,'44','',1,'FO IDF',NULL,'LC',NULL,NULL,NULL,1989),(17960,882,45,'45','',1,'FO IDF',NULL,'LC',NULL,NULL,NULL,1990),(17961,882,46,'46','',1,'FO IDF',NULL,'LC',NULL,NULL,NULL,1991),(17962,882,47,'47','',1,'FO IDF',NULL,'LC',NULL,NULL,NULL,1992),(17963,882,48,'48','',1,'FO IDF','40G','LC',NULL,NULL,NULL,1993),(17964,882,25,'25 B',NULL,2,'FO IDF',NULL,'LC',NULL,NULL,NULL,1994),(17965,882,25,'25 A',NULL,2,'FO IDF',NULL,'LC',NULL,NULL,NULL,1995),(17966,882,26,'26 B',NULL,2,'FO IDF',NULL,'LC',NULL,NULL,NULL,1996),(17967,882,26,'26 A',NULL,2,'FO IDF',NULL,'LC',NULL,NULL,NULL,1997),(17968,882,27,'27 B',NULL,2,'FO IDF',NULL,'LC',NULL,NULL,NULL,1998),(17969,882,27,'27 A',NULL,2,'FO IDF',NULL,'LC',NULL,NULL,NULL,1999),(17970,882,28,'28 B',NULL,2,'FO IDF',NULL,'LC',NULL,NULL,NULL,2000),(17971,882,28,'28 A',NULL,2,'FO IDF',NULL,'LC',NULL,NULL,NULL,2001),(17972,882,29,'29 B',NULL,2,'FO IDF',NULL,'LC',NULL,NULL,NULL,2002),(17973,882,29,'29 A',NULL,2,'FO IDF',NULL,'LC',NULL,NULL,NULL,2003),(17974,882,30,'30 B',NULL,2,'FO IDF',NULL,'LC',NULL,NULL,NULL,2004),(17975,882,30,'30 A',NULL,2,'FO IDF',NULL,'LC',NULL,NULL,NULL,2005),(17976,882,31,'31 B',NULL,2,'FO IDF',NULL,'LC',NULL,NULL,NULL,2006),(17977,882,31,'31 A',NULL,2,'FO IDF',NULL,'LC',NULL,NULL,NULL,2007),(17978,882,32,'32 B',NULL,2,'FO IDF',NULL,'LC',NULL,NULL,NULL,2008),(17979,882,32,'32 A',NULL,2,'FO IDF',NULL,'LC',NULL,NULL,NULL,2009),(17980,882,33,'33 B',NULL,2,'FO IDF Restrita',NULL,'LC',NULL,NULL,NULL,2010),(17981,882,33,'33 A',NULL,2,'FO IDF Restrita',NULL,'LC',NULL,NULL,NULL,2011),(17982,882,34,'34 B',NULL,1,'FO IDF','40G','LC',NULL,NULL,NULL,2012),(17983,882,34,'34 A',NULL,1,'FO IDF','40G','LC',NULL,NULL,NULL,2013),(17984,882,35,'35 B',NULL,1,'FO IDF','40G','LC',NULL,NULL,NULL,2014),(17985,882,35,'35 A',NULL,1,'FO IDF','40G','LC',NULL,NULL,NULL,2015),(17986,882,36,'36 B',NULL,1,'FO IDF',NULL,'LC',NULL,NULL,NULL,2016),(17987,882,36,'36 A',NULL,1,'FO IDF',NULL,'LC',NULL,NULL,NULL,2017),(17988,882,37,'37 B',NULL,1,'FO IDF',NULL,'LC',NULL,NULL,NULL,2018),(17989,882,37,'37 A',NULL,1,'FO IDF',NULL,'LC',NULL,NULL,NULL,2019),(17990,882,38,'38 B',NULL,1,'FO IDF',NULL,'LC',NULL,NULL,NULL,2020),(17991,882,38,'38 A',NULL,1,'FO IDF',NULL,'LC',NULL,NULL,NULL,2021),(17992,882,39,'39 B',NULL,1,'FO IDF',NULL,'LC',NULL,NULL,NULL,2022),(17993,882,39,'39 A',NULL,1,'FO IDF',NULL,'LC',NULL,NULL,NULL,2023),(17994,882,40,'40 B',NULL,1,'FO IDF',NULL,'LC',NULL,NULL,NULL,2024),(17995,882,40,'40 A',NULL,1,'FO IDF',NULL,'LC',NULL,NULL,NULL,2025),(17996,882,41,'41 B',NULL,1,'FO IDF',NULL,'LC',NULL,NULL,NULL,2026),(17997,882,41,'41 A',NULL,1,'FO IDF',NULL,'LC',NULL,NULL,NULL,2027),(17998,882,42,'42 B',NULL,1,'FO IDF',NULL,'LC',NULL,NULL,NULL,2028),(17999,882,42,'42 A',NULL,1,'FO IDF',NULL,'LC',NULL,NULL,NULL,2029),(18000,882,43,'43 B',NULL,1,'FO IDF',NULL,'LC',NULL,NULL,NULL,2030),(18001,882,43,'43 A',NULL,1,'FO IDF',NULL,'LC',NULL,NULL,NULL,2031),(18002,882,44,'44 B',NULL,1,'FO IDF',NULL,'LC',NULL,NULL,NULL,2032),(18003,882,44,'44 A',NULL,1,'FO IDF',NULL,'LC',NULL,NULL,NULL,2033),(18004,882,45,'45 B',NULL,1,'FO IDF',NULL,'LC',NULL,NULL,NULL,2034),(18005,882,45,'45 A',NULL,1,'FO IDF',NULL,'LC',NULL,NULL,NULL,2035),(18006,882,46,'46 B',NULL,1,'FO IDF',NULL,'LC',NULL,NULL,NULL,2036),(18007,882,46,'46 A',NULL,1,'FO IDF',NULL,'LC',NULL,NULL,NULL,2037),(18008,882,47,'47 B',NULL,1,'FO IDF',NULL,'LC',NULL,NULL,NULL,2038),(18009,882,47,'47 A',NULL,1,'FO IDF',NULL,'LC',NULL,NULL,NULL,2039),(18010,882,48,'48 B',NULL,1,'FO IDF','40G','LC',NULL,NULL,NULL,2040),(18011,882,48,'48 A',NULL,1,'FO IDF','40G','LC',NULL,NULL,NULL,2041),(18012,883,1,'01','',2,'Privada IDF',NULL,'RJ-45',NULL,NULL,NULL,1922),(18013,883,2,'02','',2,'Privada IDF',NULL,'RJ-45',NULL,NULL,NULL,1923),(18014,883,3,'03','',2,'Privada IDF',NULL,'RJ-45',NULL,NULL,NULL,1924),(18015,883,4,'04','',2,'Privada IDF',NULL,'RJ-45',NULL,NULL,NULL,1925),(18016,883,5,'05','',2,'Privada IDF',NULL,'RJ-45',NULL,NULL,NULL,1926),(18017,883,6,'06','',2,'Privada IDF',NULL,'RJ-45',NULL,NULL,NULL,1927),(18018,883,7,'07','',2,'Privada IDF',NULL,'RJ-45',NULL,NULL,NULL,1928),(18019,883,8,'08','',2,'Privada IDF',NULL,'RJ-45',NULL,NULL,NULL,1929),(18020,883,9,'09','',2,'Privada IDF',NULL,'RJ-45',NULL,NULL,NULL,1930),(18021,883,10,'10','',2,'Privada IDF',NULL,'RJ-45',NULL,NULL,NULL,1931),(18022,883,11,'11','',2,'Privada IDF',NULL,'RJ-45',NULL,NULL,NULL,1932),(18023,883,12,'12','',2,'Privada IDF',NULL,'RJ-45',NULL,NULL,NULL,1933),(18024,883,13,'13','',2,'Publica IDF',NULL,'RJ-45',NULL,NULL,NULL,1934),(18025,883,14,'14','',2,'Publica IDF',NULL,'RJ-45',NULL,NULL,NULL,1935),(18026,883,15,'15','',2,'Publica IDF',NULL,'RJ-45',NULL,NULL,NULL,1936),(18027,883,16,'16','',2,'Publica IDF',NULL,'RJ-45',NULL,NULL,NULL,1937),(18028,883,17,'17','',2,'Publica IDF',NULL,'RJ-45',NULL,NULL,NULL,1938),(18029,883,18,'18','',2,'Publica IDF',NULL,'RJ-45',NULL,NULL,NULL,1939),(18030,883,19,'19','',2,'Publica IDF',NULL,'RJ-45',NULL,NULL,NULL,1940),(18031,883,20,'20','',2,'Publica IDF',NULL,'RJ-45',NULL,NULL,NULL,1941),(18032,883,21,'21','',2,'Publica IDF',NULL,'RJ-45',NULL,NULL,NULL,1942),(18033,883,22,'22','',2,'Publica IDF',NULL,'RJ-45',NULL,NULL,NULL,1943),(18034,883,23,'23','',2,'Publica IDF',NULL,'RJ-45',NULL,NULL,NULL,1944),(18035,883,24,'24','',2,'Publica IDF',NULL,'RJ-45',NULL,NULL,NULL,1945),(18036,883,25,'25','',2,'Privada IDF',NULL,'RJ-45',NULL,NULL,NULL,1946),(18037,883,26,'26','',2,'Privada IDF',NULL,'RJ-45',NULL,NULL,NULL,1947),(18038,883,27,'27','',1,'Privada IDF','1G','RJ-45',NULL,NULL,NULL,1948),(18039,883,28,'28','',1,'Privada IDF','10G','RJ-45',NULL,NULL,NULL,1949),(18040,883,29,'29','',1,'Privada IDF',NULL,'RJ-45',NULL,NULL,NULL,1950),(18041,883,30,'30','',1,'Privada IDF',NULL,'RJ-45',NULL,NULL,NULL,1951),(18042,883,31,'31','',1,'Privada IDF',NULL,'RJ-45',NULL,NULL,NULL,1952),(18043,883,32,'32','',1,'Privada IDF',NULL,'RJ-45',NULL,NULL,NULL,1953),(18044,883,33,'33','',1,'Privada IDF',NULL,'RJ-45',NULL,NULL,NULL,1954),(18045,883,34,'34','',1,'Privada IDF',NULL,'RJ-45',NULL,NULL,NULL,1955),(18046,883,35,'35','',1,'Privada IDF',NULL,'RJ-45',NULL,NULL,NULL,1956),(18047,883,36,'36','',1,'Privada IDF',NULL,'RJ-45',NULL,NULL,NULL,1957),(18048,883,37,'37','',1,'Publica IDF',NULL,'RJ-45',NULL,NULL,NULL,1958),(18049,883,38,'38','',1,'Publica IDF',NULL,'RJ-45',NULL,NULL,NULL,1959),(18050,883,39,'39','',1,'Publica IDF',NULL,'RJ-45',NULL,NULL,NULL,1960),(18051,883,40,'40','',1,'Publica IDF',NULL,'RJ-45',NULL,NULL,NULL,1961),(18052,883,41,'41','',1,'Publica IDF',NULL,'RJ-45',NULL,NULL,NULL,1962),(18053,883,42,'42','',1,'Publica IDF',NULL,'RJ-45',NULL,NULL,NULL,1963),(18054,883,43,'43','',1,'Publica IDF',NULL,'RJ-45',NULL,NULL,NULL,1964),(18055,883,44,'44','',1,'Publica IDF',NULL,'RJ-45',NULL,NULL,NULL,1965),(18056,883,45,'45','',1,'Publica IDF',NULL,'RJ-45',NULL,NULL,NULL,1966),(18057,883,46,'46','',1,'Publica IDF',NULL,'RJ-45',NULL,NULL,NULL,1967),(18058,883,47,'47','',1,'Publica IDF',NULL,'RJ-45',NULL,NULL,NULL,1968),(18059,883,48,'48','',1,'Publica IDF',NULL,'RJ-45',NULL,NULL,NULL,1969),(18060,884,1,'01','',2,NULL,NULL,'RJ-45',NULL,NULL,NULL,97),(18061,884,2,'02','',2,NULL,NULL,'RJ-45',NULL,NULL,NULL,98),(18062,884,3,'03','',2,NULL,NULL,'RJ-45',NULL,NULL,NULL,99),(18063,884,4,'04','',2,NULL,NULL,'RJ-45',NULL,NULL,NULL,100),(18064,884,5,'05','',2,NULL,NULL,'RJ-45',NULL,NULL,NULL,101),(18065,884,6,'06','',2,NULL,NULL,'RJ-45',NULL,NULL,NULL,102),(18066,884,7,'07','',2,NULL,NULL,'RJ-45',NULL,NULL,NULL,103),(18067,884,8,'08','',2,NULL,NULL,'RJ-45',NULL,NULL,NULL,104),(18068,884,9,'09','',1,NULL,NULL,'RJ-45',NULL,NULL,NULL,105),(18069,884,10,'10','',1,NULL,NULL,'RJ-45',NULL,NULL,NULL,106),(18070,884,11,'11','',2,NULL,NULL,'RJ-45',NULL,NULL,NULL,107),(18071,884,12,'12','',2,NULL,NULL,'RJ-45',NULL,NULL,NULL,108),(18072,884,13,'13','',1,NULL,NULL,'RJ-45',NULL,NULL,NULL,109),(18073,884,14,'14','',2,NULL,NULL,'RJ-45',NULL,NULL,NULL,110),(18074,884,15,'15','',1,NULL,NULL,'RJ-45',NULL,NULL,NULL,111),(18075,884,16,'16','',1,NULL,NULL,'RJ-45',NULL,NULL,NULL,112),(18076,884,17,'17','',2,NULL,NULL,'RJ-45',NULL,NULL,NULL,113),(18077,884,18,'18','',1,NULL,NULL,'RJ-45',NULL,NULL,NULL,114),(18078,884,19,'19','',2,NULL,NULL,'RJ-45',NULL,NULL,NULL,115),(18079,884,20,'20','',2,NULL,NULL,'RJ-45',NULL,NULL,NULL,116),(18080,884,21,'21','',2,NULL,NULL,'RJ-45',NULL,NULL,NULL,117),(18081,884,22,'22','',2,NULL,NULL,'RJ-45',NULL,NULL,NULL,118),(18082,884,23,'23','',2,NULL,NULL,'RJ-45',NULL,NULL,NULL,119),(18083,884,24,'24','',1,NULL,NULL,'RJ-45',NULL,NULL,NULL,120),(18084,885,1,'01','',2,NULL,NULL,'RJ-45',NULL,NULL,NULL,121),(18085,885,2,'02','',2,NULL,NULL,'RJ-45',NULL,NULL,NULL,122),(18086,885,3,'03','',2,NULL,NULL,'RJ-45',NULL,NULL,NULL,123),(18087,885,4,'04','',2,NULL,NULL,'RJ-45',NULL,NULL,NULL,124),(18088,885,5,'05','',1,NULL,NULL,'RJ-45',NULL,NULL,NULL,125),(18089,885,6,'06','',1,NULL,NULL,'RJ-45',NULL,NULL,NULL,126),(18090,885,7,'07','',2,NULL,NULL,'RJ-45',NULL,NULL,NULL,127),(18091,885,8,'08','',2,NULL,NULL,'RJ-45',NULL,NULL,NULL,128),(18092,885,9,'09','',2,NULL,NULL,'RJ-45',NULL,NULL,NULL,129),(18093,885,10,'10','',2,NULL,NULL,'RJ-45',NULL,NULL,NULL,130),(18094,885,11,'11','',1,NULL,NULL,'RJ-45',NULL,NULL,NULL,131),(18095,885,12,'12','',1,NULL,NULL,'RJ-45',NULL,NULL,NULL,132),(18096,885,13,'13','',1,NULL,NULL,'RJ-45',NULL,NULL,NULL,133),(18097,885,14,'14','',1,NULL,NULL,'RJ-45',NULL,NULL,NULL,134),(18098,885,15,'15','',1,NULL,NULL,'RJ-45',NULL,NULL,NULL,135),(18099,885,16,'16','',2,NULL,NULL,'RJ-45',NULL,NULL,NULL,136),(18100,885,17,'17','',2,NULL,NULL,'RJ-45',NULL,NULL,NULL,137),(18101,885,18,'18','',2,NULL,NULL,'RJ-45',NULL,NULL,NULL,138),(18102,885,19,'19','',2,NULL,NULL,'RJ-45',NULL,NULL,NULL,139),(18103,885,20,'20','',1,NULL,NULL,'RJ-45',NULL,NULL,NULL,140),(18104,885,21,'21','',2,NULL,NULL,'RJ-45',NULL,NULL,NULL,141),(18105,885,22,'22','',2,NULL,NULL,'RJ-45',NULL,NULL,NULL,142),(18106,885,23,'23','',2,NULL,NULL,'RJ-45',NULL,NULL,NULL,143),(18107,885,24,'24','',1,NULL,NULL,'RJ-45',NULL,NULL,NULL,144),(18108,886,1,'01','',1,NULL,NULL,'RJ-45',NULL,NULL,NULL,145),(18109,886,2,'02','',2,NULL,NULL,'RJ-45',NULL,NULL,NULL,146),(18110,886,3,'03','',2,NULL,NULL,'RJ-45',NULL,NULL,NULL,147),(18111,886,4,'04','',2,NULL,NULL,'RJ-45',NULL,NULL,NULL,148),(18112,886,5,'05','',2,NULL,NULL,'RJ-45',NULL,NULL,NULL,149),(18113,886,6,'06','',2,NULL,NULL,'RJ-45',NULL,NULL,NULL,150),(18114,886,7,'07','',2,NULL,NULL,'RJ-45',NULL,NULL,NULL,151),(18115,886,8,'08','',2,NULL,NULL,'RJ-45',NULL,NULL,NULL,152),(18116,886,9,'09','',1,NULL,NULL,'RJ-45',NULL,NULL,NULL,153),(18117,886,10,'10','',2,NULL,NULL,'RJ-45',NULL,NULL,NULL,154),(18118,886,11,'11','',1,NULL,NULL,'RJ-45',NULL,NULL,NULL,155),(18119,886,12,'12','',1,NULL,NULL,'RJ-45',NULL,NULL,NULL,156),(18120,886,13,'13','',2,NULL,NULL,'RJ-45',NULL,NULL,NULL,157),(18121,886,14,'14','',2,NULL,NULL,'RJ-45',NULL,NULL,NULL,158),(18122,886,15,'15','',1,NULL,NULL,'RJ-45',NULL,NULL,NULL,159),(18123,886,16,'16','',1,NULL,NULL,'RJ-45',NULL,NULL,NULL,160),(18124,886,17,'17','',1,NULL,NULL,'RJ-45',NULL,NULL,NULL,161),(18125,886,18,'18','',2,NULL,NULL,'RJ-45',NULL,NULL,NULL,162),(18126,886,19,'19','',1,NULL,NULL,'RJ-45',NULL,NULL,NULL,163),(18127,886,20,'20','',2,NULL,NULL,'RJ-45',NULL,NULL,NULL,164),(18128,886,21,'21','',1,NULL,NULL,'RJ-45',NULL,NULL,NULL,165),(18129,886,22,'22','',1,NULL,NULL,'RJ-45',NULL,NULL,NULL,166),(18130,886,23,'23','',2,NULL,NULL,'RJ-45',NULL,NULL,NULL,167),(18131,886,24,'24','',2,NULL,NULL,'RJ-45',NULL,NULL,NULL,168),(18132,887,1,'01','',2,NULL,NULL,'RJ-45',NULL,NULL,NULL,169),(18133,887,2,'02','',2,NULL,NULL,'RJ-45',NULL,NULL,NULL,170),(18134,887,3,'03','',2,NULL,NULL,'RJ-45',NULL,NULL,NULL,171),(18135,887,4,'04','',2,NULL,NULL,'RJ-45',NULL,NULL,NULL,172),(18136,887,5,'05','',2,NULL,NULL,'RJ-45',NULL,NULL,NULL,173),(18137,887,6,'06','',2,NULL,NULL,'RJ-45',NULL,NULL,NULL,174),(18138,887,7,'07','',2,NULL,NULL,'RJ-45',NULL,NULL,NULL,175),(18139,887,8,'08','',2,NULL,NULL,'RJ-45',NULL,NULL,NULL,176),(18140,887,9,'09','',2,NULL,NULL,'RJ-45',NULL,NULL,NULL,177),(18141,887,10,'10','',2,NULL,NULL,'RJ-45',NULL,NULL,NULL,178),(18142,887,11,'11','',2,NULL,NULL,'RJ-45',NULL,NULL,NULL,179),(18143,887,12,'12','',1,NULL,NULL,'RJ-45',NULL,NULL,NULL,180),(18144,887,13,'13','',1,NULL,NULL,'RJ-45',NULL,NULL,NULL,181),(18145,887,14,'14','',1,NULL,NULL,'RJ-45',NULL,NULL,NULL,182),(18146,887,15,'15','',1,NULL,NULL,'RJ-45',NULL,NULL,NULL,183),(18147,887,16,'16','',1,NULL,NULL,'RJ-45',NULL,NULL,NULL,184),(18148,887,17,'17','',1,NULL,NULL,'RJ-45',NULL,NULL,NULL,185),(18149,887,18,'18','',1,NULL,NULL,'RJ-45',NULL,NULL,NULL,186),(18150,887,19,'19','',1,NULL,NULL,'RJ-45',NULL,NULL,NULL,187),(18151,887,20,'20','',1,NULL,NULL,'RJ-45',NULL,NULL,NULL,188),(18152,887,21,'21','',1,NULL,NULL,'RJ-45',NULL,NULL,NULL,189),(18153,887,22,'22','',1,NULL,NULL,'RJ-45',NULL,NULL,NULL,190),(18154,887,23,'23','',1,NULL,NULL,'RJ-45',NULL,NULL,NULL,191),(18155,887,24,'24','',1,NULL,NULL,'RJ-45',NULL,NULL,NULL,192),(18156,888,1,'01','',2,NULL,NULL,'RJ-45',NULL,NULL,NULL,193),(18157,888,2,'02','',2,NULL,NULL,'RJ-45',NULL,NULL,NULL,194),(18158,888,3,'03','',1,NULL,NULL,'RJ-45',NULL,NULL,NULL,195),(18159,888,4,'04','',2,NULL,NULL,'RJ-45',NULL,NULL,NULL,196),(18160,888,5,'05','',1,NULL,NULL,'RJ-45',NULL,NULL,NULL,197),(18161,888,6,'06','',2,NULL,NULL,'RJ-45',NULL,NULL,NULL,198),(18162,888,7,'07','',1,NULL,NULL,'RJ-45',NULL,NULL,NULL,199),(18163,888,8,'08','',2,NULL,NULL,'RJ-45',NULL,NULL,NULL,200),(18164,888,9,'09','',2,NULL,NULL,'RJ-45',NULL,NULL,NULL,201),(18165,888,10,'10','',2,NULL,NULL,'RJ-45',NULL,NULL,NULL,202),(18166,888,11,'11','',1,NULL,NULL,'RJ-45',NULL,NULL,NULL,203),(18167,888,12,'12','',1,NULL,NULL,'RJ-45',NULL,NULL,NULL,204),(18168,888,13,'13','',1,NULL,NULL,'RJ-45',NULL,NULL,NULL,205),(18169,888,14,'14','',1,NULL,NULL,'RJ-45',NULL,NULL,NULL,206),(18170,888,15,'15','',1,NULL,NULL,'RJ-45',NULL,NULL,NULL,207),(18171,888,16,'16','',1,NULL,NULL,'RJ-45',NULL,NULL,NULL,208),(18172,888,17,'17','',1,NULL,NULL,'RJ-45',NULL,NULL,NULL,209),(18173,888,18,'18','',1,NULL,NULL,'RJ-45',NULL,NULL,NULL,210),(18174,888,19,'19','',1,NULL,NULL,'RJ-45',NULL,NULL,NULL,211),(18175,888,20,'20','',1,NULL,NULL,'RJ-45',NULL,NULL,NULL,212),(18176,888,21,'21','',1,NULL,NULL,'RJ-45',NULL,NULL,NULL,213),(18177,888,22,'22','',1,NULL,NULL,'RJ-45',NULL,NULL,NULL,214),(18178,888,23,'23','',1,NULL,NULL,'RJ-45',NULL,NULL,NULL,215),(18179,888,24,'24','',1,NULL,NULL,'RJ-45',NULL,NULL,NULL,216),(18180,889,1,'01','',2,NULL,NULL,'RJ-45',NULL,NULL,NULL,217),(18181,889,2,'02','',2,NULL,NULL,'RJ-45',NULL,NULL,NULL,218),(18182,889,3,'03','',2,NULL,NULL,'RJ-45',NULL,NULL,NULL,219),(18183,889,4,'04','',1,NULL,NULL,'RJ-45',NULL,NULL,NULL,220),(18184,889,5,'05','',1,NULL,NULL,'RJ-45',NULL,NULL,NULL,221),(18185,889,6,'06','',1,NULL,NULL,'RJ-45',NULL,NULL,NULL,222),(18186,889,7,'07','',1,NULL,NULL,'RJ-45',NULL,NULL,NULL,223),(18187,889,8,'08','',1,NULL,NULL,'RJ-45',NULL,NULL,NULL,224),(18188,889,9,'09','',1,NULL,NULL,'RJ-45',NULL,NULL,NULL,225),(18189,889,10,'10','',1,NULL,NULL,'RJ-45',NULL,NULL,NULL,226),(18190,889,11,'11','',1,NULL,NULL,'RJ-45',NULL,NULL,NULL,227),(18191,889,12,'12','',1,NULL,NULL,'RJ-45',NULL,NULL,NULL,228),(18192,889,13,'13','',1,NULL,NULL,'RJ-45',NULL,NULL,NULL,229),(18193,889,14,'14','',1,NULL,NULL,'RJ-45',NULL,NULL,NULL,230),(18194,889,15,'15','',1,NULL,NULL,'RJ-45',NULL,NULL,NULL,231),(18195,889,16,'16','',1,NULL,NULL,'RJ-45',NULL,NULL,NULL,232),(18196,889,17,'17','',1,NULL,NULL,'RJ-45',NULL,NULL,NULL,233),(18197,889,18,'18','',1,NULL,NULL,'RJ-45',NULL,NULL,NULL,234),(18198,889,19,'19','',1,NULL,NULL,'RJ-45',NULL,NULL,NULL,235),(18199,889,20,'20','',1,NULL,NULL,'RJ-45',NULL,NULL,NULL,236),(18200,889,21,'21','',1,NULL,NULL,'RJ-45',NULL,NULL,NULL,237),(18201,889,22,'22','',1,NULL,NULL,'RJ-45',NULL,NULL,NULL,238),(18202,889,23,'23','',1,NULL,NULL,'RJ-45',NULL,NULL,NULL,239),(18203,889,24,'24','',1,NULL,NULL,'RJ-45',NULL,NULL,NULL,240),(18204,890,1,'01','',1,NULL,NULL,'RJ-45',NULL,NULL,NULL,241),(18205,890,2,'02','',1,NULL,NULL,'RJ-45',NULL,NULL,NULL,242),(18206,890,3,'03','',1,NULL,NULL,'RJ-45',NULL,NULL,NULL,243),(18207,890,4,'04','',1,NULL,NULL,'RJ-45',NULL,NULL,NULL,244),(18208,890,5,'05','',1,NULL,NULL,'RJ-45',NULL,NULL,NULL,245),(18209,890,6,'06','',1,NULL,NULL,'RJ-45',NULL,NULL,NULL,246),(18210,890,7,'07','',1,NULL,NULL,'RJ-45',NULL,NULL,NULL,247),(18211,890,8,'08','',1,NULL,NULL,'RJ-45',NULL,NULL,NULL,248),(18212,890,9,'09','',1,NULL,NULL,'RJ-45',NULL,NULL,NULL,249),(18213,890,10,'10','',1,NULL,NULL,'RJ-45',NULL,NULL,NULL,250),(18214,890,11,'11','',1,NULL,NULL,'RJ-45',NULL,NULL,NULL,251),(18215,890,12,'12','',1,NULL,NULL,'RJ-45',NULL,NULL,NULL,252),(18216,890,13,'13','',1,NULL,NULL,'RJ-45',NULL,NULL,NULL,253),(18217,890,14,'14','',1,NULL,NULL,'RJ-45',NULL,NULL,NULL,254),(18218,890,15,'15','',1,NULL,NULL,'RJ-45',NULL,NULL,NULL,255),(18219,890,16,'16','',1,NULL,NULL,'RJ-45',NULL,NULL,NULL,256),(18220,890,17,'17','',1,NULL,NULL,'RJ-45',NULL,NULL,NULL,257),(18221,890,18,'18','',1,NULL,NULL,'RJ-45',NULL,NULL,NULL,258),(18222,890,19,'19','',1,NULL,NULL,'RJ-45',NULL,NULL,NULL,259),(18223,890,20,'20','',1,NULL,NULL,'RJ-45',NULL,NULL,NULL,260),(18224,890,21,'21','',1,NULL,NULL,'RJ-45',NULL,NULL,NULL,261),(18225,890,22,'22','',1,NULL,NULL,'RJ-45',NULL,NULL,NULL,262),(18226,890,23,'23','',1,NULL,NULL,'RJ-45',NULL,NULL,NULL,263),(18227,890,24,'24','',1,NULL,NULL,'RJ-45',NULL,NULL,NULL,264),(18228,891,1,'01','',2,NULL,NULL,'RJ-45',NULL,NULL,NULL,265),(18229,891,2,'02','',2,NULL,NULL,'RJ-45',NULL,NULL,NULL,266),(18230,891,3,'03','',2,NULL,NULL,'RJ-45',NULL,NULL,NULL,267),(18231,891,4,'04','',2,NULL,NULL,'RJ-45',NULL,NULL,NULL,268),(18232,891,5,'05','',2,NULL,NULL,'RJ-45',NULL,NULL,NULL,269),(18233,891,6,'06','',1,NULL,NULL,'RJ-45',NULL,NULL,NULL,270),(18234,891,7,'07','',1,NULL,NULL,'RJ-45',NULL,NULL,NULL,271),(18235,891,8,'08','',1,NULL,NULL,'RJ-45',NULL,NULL,NULL,272),(18236,891,9,'09','',1,NULL,NULL,'RJ-45',NULL,NULL,NULL,273),(18237,891,10,'10','',1,NULL,NULL,'RJ-45',NULL,NULL,NULL,274),(18238,891,11,'11','',1,NULL,NULL,'RJ-45',NULL,NULL,NULL,275),(18239,891,12,'12','',1,NULL,NULL,'RJ-45',NULL,NULL,NULL,276),(18240,891,13,'13','',1,NULL,NULL,'RJ-45',NULL,NULL,NULL,277),(18241,891,14,'14','',1,NULL,NULL,'RJ-45',NULL,NULL,NULL,278),(18242,891,15,'15','',1,NULL,NULL,'RJ-45',NULL,NULL,NULL,279),(18243,891,16,'16','',1,NULL,NULL,'RJ-45',NULL,NULL,NULL,280),(18244,891,17,'17','',1,NULL,NULL,'RJ-45',NULL,NULL,NULL,281),(18245,891,18,'18','',1,NULL,NULL,'RJ-45',NULL,NULL,NULL,282),(18246,891,19,'19','',1,NULL,NULL,'RJ-45',NULL,NULL,NULL,283),(18247,891,20,'20','',1,NULL,NULL,'RJ-45',NULL,NULL,NULL,284),(18248,891,21,'21','',1,NULL,NULL,'RJ-45',NULL,NULL,NULL,285),(18249,891,22,'22','',1,NULL,NULL,'RJ-45',NULL,NULL,NULL,286),(18250,891,23,'23','',1,NULL,NULL,'RJ-45',NULL,NULL,NULL,287),(18251,891,24,'24','',1,NULL,NULL,'RJ-45',NULL,NULL,NULL,288),(18252,892,1,'01','',2,NULL,NULL,'LC',NULL,NULL,NULL,289),(18253,892,2,'02','',2,NULL,NULL,'LC',NULL,NULL,NULL,290),(18254,892,3,'03','',2,NULL,NULL,'LC',NULL,NULL,NULL,291),(18255,892,4,'04','',2,NULL,NULL,'LC',NULL,NULL,NULL,292),(18256,892,5,'05','',2,NULL,NULL,'LC',NULL,NULL,NULL,293),(18257,892,6,'06','',2,NULL,NULL,'LC',NULL,NULL,NULL,294),(18258,892,7,'07','',1,NULL,NULL,'LC',NULL,NULL,NULL,295),(18259,892,8,'08','',1,NULL,NULL,'LC',NULL,NULL,NULL,296),(18260,892,9,'09','',1,NULL,NULL,'LC',NULL,NULL,NULL,297),(18261,892,10,'10','',1,NULL,NULL,'LC',NULL,NULL,NULL,298),(18262,892,11,'11','',1,NULL,NULL,'LC',NULL,NULL,NULL,299),(18263,892,12,'12','',1,NULL,NULL,'LC',NULL,NULL,NULL,300),(18264,892,13,'13','',1,NULL,NULL,'LC',NULL,NULL,NULL,301),(18265,892,14,'14','',1,NULL,NULL,'LC',NULL,NULL,NULL,302),(18266,892,15,'15','',1,NULL,NULL,'LC',NULL,NULL,NULL,303),(18267,892,16,'16','',1,NULL,NULL,'LC',NULL,NULL,NULL,304),(18268,892,17,'17','',1,NULL,NULL,'LC',NULL,NULL,NULL,305),(18269,892,18,'18','',1,NULL,NULL,'LC',NULL,NULL,NULL,306),(18270,892,19,'19','',1,NULL,NULL,'LC',NULL,NULL,NULL,307),(18271,892,20,'20','',1,NULL,NULL,'LC',NULL,NULL,NULL,308),(18272,892,21,'21','',1,NULL,NULL,'LC',NULL,NULL,NULL,309),(18273,892,22,'22','',1,NULL,NULL,'LC',NULL,NULL,NULL,310),(18274,892,23,'23','',1,NULL,NULL,'LC',NULL,NULL,NULL,311),(18275,892,24,'24','',1,NULL,NULL,'LC',NULL,NULL,NULL,312),(18276,892,1,'01 B','',2,NULL,NULL,'LC',NULL,NULL,NULL,313),(18277,892,1,'01 A','',2,NULL,NULL,'LC',NULL,NULL,NULL,314),(18278,892,2,'02 B','',2,NULL,NULL,'LC',NULL,NULL,NULL,315),(18279,892,2,'02 A','',2,NULL,NULL,'LC',NULL,NULL,NULL,316),(18280,892,3,'03 B','',2,NULL,NULL,'LC',NULL,NULL,NULL,317),(18281,892,3,'03 A','',2,NULL,NULL,'LC',NULL,NULL,NULL,318),(18282,892,4,'04 B','',2,NULL,NULL,'LC',NULL,NULL,NULL,319),(18283,892,4,'04 A','',2,NULL,NULL,'LC',NULL,NULL,NULL,320),(18284,892,5,'05 B','',2,NULL,NULL,'LC',NULL,NULL,NULL,321),(18285,892,5,'05 A','',2,NULL,NULL,'LC',NULL,NULL,NULL,322),(18286,892,6,'06 B','',2,NULL,NULL,'LC',NULL,NULL,NULL,323),(18287,892,6,'06 A','',2,NULL,NULL,'LC',NULL,NULL,NULL,324),(18288,892,7,'07 B','',1,NULL,NULL,'LC',NULL,NULL,NULL,325),(18289,892,7,'07 A','',1,NULL,NULL,'LC',NULL,NULL,NULL,326),(18290,892,8,'08 B','',1,NULL,NULL,'LC',NULL,NULL,NULL,327),(18291,892,8,'08 A','',1,NULL,NULL,'LC',NULL,NULL,NULL,328),(18292,892,9,'09 B','',1,NULL,NULL,'LC',NULL,NULL,NULL,329),(18293,892,9,'09 A','',1,NULL,NULL,'LC',NULL,NULL,NULL,330),(18294,892,10,'10 B','',1,NULL,NULL,'LC',NULL,NULL,NULL,331),(18295,892,10,'10 A','',1,NULL,NULL,'LC',NULL,NULL,NULL,332),(18296,892,11,'11 B','',1,NULL,NULL,'LC',NULL,NULL,NULL,333),(18297,892,11,'11 A','',1,NULL,NULL,'LC',NULL,NULL,NULL,334),(18298,892,12,'12 B','',1,NULL,NULL,'LC',NULL,NULL,NULL,335),(18299,892,12,'12 A','',1,NULL,NULL,'LC',NULL,NULL,NULL,336),(18300,892,13,'13 B','',1,NULL,NULL,'LC',NULL,NULL,NULL,337),(18301,892,13,'13 A','',1,NULL,NULL,'LC',NULL,NULL,NULL,338),(18302,892,14,'14 B','',1,NULL,NULL,'LC',NULL,NULL,NULL,339),(18303,892,14,'14 A','',1,NULL,NULL,'LC',NULL,NULL,NULL,340),(18304,892,15,'15 B','',1,NULL,NULL,'LC',NULL,NULL,NULL,341),(18305,892,15,'15 A','',1,NULL,NULL,'LC',NULL,NULL,NULL,342),(18306,892,16,'16 B','',1,NULL,NULL,'LC',NULL,NULL,NULL,343),(18307,892,16,'16 A','',1,NULL,NULL,'LC',NULL,NULL,NULL,344),(18308,892,17,'17 B','',1,NULL,NULL,'LC',NULL,NULL,NULL,345),(18309,892,17,'17 A','',1,NULL,NULL,'LC',NULL,NULL,NULL,346),(18310,892,18,'18 B','',1,NULL,NULL,'LC',NULL,NULL,NULL,347),(18311,892,18,'18 A','',1,NULL,NULL,'LC',NULL,NULL,NULL,348),(18312,892,19,'19 B','',1,NULL,NULL,'LC',NULL,NULL,NULL,349),(18313,892,19,'19 A','',1,NULL,NULL,'LC',NULL,NULL,NULL,350),(18314,892,20,'20 B','',1,NULL,NULL,'LC',NULL,NULL,NULL,351),(18315,892,20,'20 A','',1,NULL,NULL,'LC',NULL,NULL,NULL,352),(18316,892,21,'21 B','',1,NULL,NULL,'LC',NULL,NULL,NULL,353),(18317,892,21,'21 A','',1,NULL,NULL,'LC',NULL,NULL,NULL,354),(18318,892,22,'22 B','',1,NULL,NULL,'LC',NULL,NULL,NULL,355),(18319,892,22,'22 A','',1,NULL,NULL,'LC',NULL,NULL,NULL,356),(18320,892,23,'23 B','',1,NULL,NULL,'LC',NULL,NULL,NULL,357),(18321,892,23,'23 A','',1,NULL,NULL,'LC',NULL,NULL,NULL,358),(18322,892,24,'24 B','',1,NULL,NULL,'LC',NULL,NULL,NULL,359),(18323,892,24,'24 A','',1,NULL,NULL,'LC',NULL,NULL,NULL,360),(18324,893,1,'01','',2,NULL,NULL,'LC',NULL,NULL,NULL,361),(18325,893,2,'02','',2,NULL,NULL,'LC',NULL,NULL,NULL,362),(18326,893,3,'03','',2,NULL,NULL,'LC',NULL,NULL,NULL,363),(18327,893,4,'04','',2,NULL,NULL,'LC',NULL,NULL,NULL,364),(18328,893,5,'05','',2,NULL,NULL,'LC',NULL,NULL,NULL,365),(18329,893,6,'06','',2,NULL,NULL,'LC',NULL,NULL,NULL,366),(18330,893,7,'07','',2,NULL,NULL,'LC',NULL,NULL,NULL,367),(18331,893,8,'08','',2,NULL,NULL,'LC',NULL,NULL,NULL,368),(18332,893,9,'09','',2,NULL,NULL,'LC',NULL,NULL,NULL,369),(18333,893,10,'10','',2,NULL,NULL,'LC',NULL,NULL,NULL,370),(18334,893,11,'11','',2,NULL,NULL,'LC',NULL,NULL,NULL,371),(18335,893,12,'12','',2,NULL,NULL,'LC',NULL,NULL,NULL,372),(18336,893,13,'13','',2,NULL,NULL,'LC',NULL,NULL,NULL,373),(18337,893,14,'14','',2,NULL,NULL,'LC',NULL,NULL,NULL,374),(18338,893,15,'15','',2,NULL,NULL,'LC',NULL,NULL,NULL,375),(18339,893,16,'16','',2,NULL,NULL,'LC',NULL,NULL,NULL,376),(18340,893,17,'17','',1,NULL,NULL,'LC',NULL,NULL,NULL,377),(18341,893,18,'18','',1,NULL,NULL,'LC',NULL,NULL,NULL,378),(18342,893,19,'19','',1,NULL,NULL,'LC',NULL,NULL,NULL,379),(18343,893,20,'20','',1,NULL,NULL,'LC',NULL,NULL,NULL,380),(18344,893,21,'21','',1,NULL,NULL,'LC',NULL,NULL,NULL,381),(18345,893,22,'22','',1,NULL,NULL,'LC',NULL,NULL,NULL,382),(18346,893,23,'23','',1,NULL,NULL,'LC',NULL,NULL,NULL,383),(18347,893,24,'24','',1,NULL,NULL,'LC',NULL,NULL,NULL,384),(18348,893,1,'01 B','',2,NULL,NULL,'LC',NULL,NULL,NULL,385),(18349,893,1,'01 A','',2,NULL,NULL,'LC',NULL,NULL,NULL,386),(18350,893,2,'02 B','',2,NULL,NULL,'LC',NULL,NULL,NULL,387),(18351,893,2,'02 A','',2,NULL,NULL,'LC',NULL,NULL,NULL,388),(18352,893,3,'03 B','',2,NULL,NULL,'LC',NULL,NULL,NULL,389),(18353,893,3,'03 A','',2,NULL,NULL,'LC',NULL,NULL,NULL,390),(18354,893,4,'04 B','',2,NULL,NULL,'LC',NULL,NULL,NULL,391),(18355,893,4,'04 A','',2,NULL,NULL,'LC',NULL,NULL,NULL,392),(18356,893,5,'05 B','',2,NULL,NULL,'LC',NULL,NULL,NULL,393),(18357,893,5,'05 A','',2,NULL,NULL,'LC',NULL,NULL,NULL,394),(18358,893,6,'06 B','',2,NULL,NULL,'LC',NULL,NULL,NULL,395),(18359,893,6,'06 A','',2,NULL,NULL,'LC',NULL,NULL,NULL,396),(18360,893,7,'07 B','',2,NULL,NULL,'LC',NULL,NULL,NULL,397),(18361,893,7,'07 A','',2,NULL,NULL,'LC',NULL,NULL,NULL,398),(18362,893,8,'08 B','',2,NULL,NULL,'LC',NULL,NULL,NULL,399),(18363,893,8,'08 A','',2,NULL,NULL,'LC',NULL,NULL,NULL,400),(18364,893,9,'09 B','',2,NULL,NULL,'LC',NULL,NULL,NULL,401),(18365,893,9,'09 A','',2,NULL,NULL,'LC',NULL,NULL,NULL,402),(18366,893,10,'10 B','',2,NULL,NULL,'LC',NULL,NULL,NULL,403),(18367,893,10,'10 A','',2,NULL,NULL,'LC',NULL,NULL,NULL,404),(18368,893,11,'11 B','',2,NULL,NULL,'LC',NULL,NULL,NULL,405),(18369,893,11,'11 A','',2,NULL,NULL,'LC',NULL,NULL,NULL,406),(18370,893,12,'12 B','',2,NULL,NULL,'LC',NULL,NULL,NULL,407),(18371,893,12,'12 A','',2,NULL,NULL,'LC',NULL,NULL,NULL,408),(18372,893,13,'13 B','',2,NULL,NULL,'LC',NULL,NULL,NULL,409),(18373,893,13,'13 A','',2,NULL,NULL,'LC',NULL,NULL,NULL,410),(18374,893,14,'14 B','',2,NULL,NULL,'LC',NULL,NULL,NULL,411),(18375,893,14,'14 A','',2,NULL,NULL,'LC',NULL,NULL,NULL,412),(18376,893,15,'15 B','',2,NULL,NULL,'LC',NULL,NULL,NULL,413),(18377,893,15,'15 A','',2,NULL,NULL,'LC',NULL,NULL,NULL,414),(18378,893,16,'16 B','',2,NULL,NULL,'LC',NULL,NULL,NULL,415),(18379,893,16,'16 A','',2,NULL,NULL,'LC',NULL,NULL,NULL,416),(18380,893,17,'17 B','',1,NULL,NULL,'LC',NULL,NULL,NULL,417),(18381,893,17,'17 A','',1,NULL,NULL,'LC',NULL,NULL,NULL,418),(18382,893,18,'18 B','',1,NULL,NULL,'LC',NULL,NULL,NULL,419),(18383,893,18,'18 A','',1,NULL,NULL,'LC',NULL,NULL,NULL,420),(18384,893,19,'19 B','',1,NULL,NULL,'LC',NULL,NULL,NULL,421),(18385,893,19,'19 A','',1,NULL,NULL,'LC',NULL,NULL,NULL,422),(18386,893,20,'20 B','',1,NULL,NULL,'LC',NULL,NULL,NULL,423),(18387,893,20,'20 A','',1,NULL,NULL,'LC',NULL,NULL,NULL,424),(18388,893,21,'21 B','',1,NULL,NULL,'LC',NULL,NULL,NULL,425),(18389,893,21,'21 A','',1,NULL,NULL,'LC',NULL,NULL,NULL,426),(18390,893,22,'22 B','',1,NULL,NULL,'LC',NULL,NULL,NULL,427),(18391,893,22,'22 A','',1,NULL,NULL,'LC',NULL,NULL,NULL,428),(18392,893,23,'23 B','',1,NULL,NULL,'LC',NULL,NULL,NULL,429),(18393,893,23,'23 A','',1,NULL,NULL,'LC',NULL,NULL,NULL,430),(18394,893,24,'24 B','',1,NULL,NULL,'LC',NULL,NULL,NULL,431),(18395,893,24,'24 A','',1,NULL,NULL,'LC',NULL,NULL,NULL,432),(18396,894,1,'01','',2,NULL,NULL,'LC',NULL,NULL,NULL,433),(18397,894,2,'02','',2,NULL,NULL,'LC',NULL,NULL,NULL,434),(18398,894,3,'03','',2,NULL,NULL,'LC',NULL,NULL,NULL,435),(18399,894,4,'04','',2,NULL,NULL,'LC',NULL,NULL,NULL,436),(18400,894,5,'05','',1,NULL,NULL,'LC',NULL,NULL,NULL,437),(18401,894,6,'06','',1,NULL,NULL,'LC',NULL,NULL,NULL,438),(18402,894,7,'07','',1,NULL,NULL,'LC',NULL,NULL,NULL,439),(18403,894,8,'08','',1,NULL,NULL,'LC',NULL,NULL,NULL,440),(18404,894,9,'09','',1,NULL,NULL,'LC',NULL,NULL,NULL,441),(18405,894,10,'10','',1,NULL,NULL,'LC',NULL,NULL,NULL,442),(18406,894,11,'11','',1,NULL,NULL,'LC',NULL,NULL,NULL,443),(18407,894,12,'12','',1,NULL,NULL,'LC',NULL,NULL,NULL,444),(18408,894,13,'13','',1,NULL,NULL,'LC',NULL,NULL,NULL,445),(18409,894,14,'14','',1,NULL,NULL,'LC',NULL,NULL,NULL,446),(18410,894,15,'15','',1,NULL,NULL,'LC',NULL,NULL,NULL,447),(18411,894,16,'16','',1,NULL,NULL,'LC',NULL,NULL,NULL,448),(18412,894,17,'17','',1,NULL,NULL,'LC',NULL,NULL,NULL,449),(18413,894,18,'18','',1,NULL,NULL,'LC',NULL,NULL,NULL,450),(18414,894,19,'19','',1,NULL,NULL,'LC',NULL,NULL,NULL,451),(18415,894,20,'20','',1,NULL,NULL,'LC',NULL,NULL,NULL,452),(18416,894,21,'21','',1,NULL,NULL,'LC',NULL,NULL,NULL,453),(18417,894,22,'22','',1,NULL,NULL,'LC',NULL,NULL,NULL,454),(18418,894,23,'23','',1,NULL,NULL,'LC',NULL,NULL,NULL,455),(18419,894,24,'24','',1,NULL,NULL,'LC',NULL,NULL,NULL,456),(18420,894,1,'01 B','',2,NULL,NULL,'LC',NULL,NULL,NULL,457),(18421,894,1,'01 A','',2,NULL,NULL,'LC',NULL,NULL,NULL,458),(18422,894,2,'02 B','',2,NULL,NULL,'LC',NULL,NULL,NULL,459),(18423,894,2,'02 A','',2,NULL,NULL,'LC',NULL,NULL,NULL,460),(18424,894,3,'03 B','',2,NULL,NULL,'LC',NULL,NULL,NULL,461),(18425,894,3,'03 A','',2,NULL,NULL,'LC',NULL,NULL,NULL,462),(18426,894,4,'04 B','',2,NULL,NULL,'LC',NULL,NULL,NULL,463),(18427,894,4,'04 A','',2,NULL,NULL,'LC',NULL,NULL,NULL,464),(18428,894,5,'05 B','',1,NULL,NULL,'LC',NULL,NULL,NULL,465),(18429,894,5,'05 A','',1,NULL,NULL,'LC',NULL,NULL,NULL,466),(18430,894,6,'06 B','',1,NULL,NULL,'LC',NULL,NULL,NULL,467),(18431,894,6,'06 A','',1,NULL,NULL,'LC',NULL,NULL,NULL,468),(18432,894,7,'07 B','',1,NULL,NULL,'LC',NULL,NULL,NULL,469),(18433,894,7,'07 A','',1,NULL,NULL,'LC',NULL,NULL,NULL,470),(18434,894,8,'08 B','',1,NULL,NULL,'LC',NULL,NULL,NULL,471),(18435,894,8,'08 A','',1,NULL,NULL,'LC',NULL,NULL,NULL,472),(18436,894,9,'09 B','',1,NULL,NULL,'LC',NULL,NULL,NULL,473),(18437,894,9,'09 A','',1,NULL,NULL,'LC',NULL,NULL,NULL,474),(18438,894,10,'10 B','',1,NULL,NULL,'LC',NULL,NULL,NULL,475),(18439,894,10,'10 A','',1,NULL,NULL,'LC',NULL,NULL,NULL,476),(18440,894,11,'11 B','',1,NULL,NULL,'LC',NULL,NULL,NULL,477),(18441,894,11,'11 A','',1,NULL,NULL,'LC',NULL,NULL,NULL,478),(18442,894,12,'12 B','',1,NULL,NULL,'LC',NULL,NULL,NULL,479),(18443,894,12,'12 A','',1,NULL,NULL,'LC',NULL,NULL,NULL,480),(18444,894,13,'13 B','',1,NULL,NULL,'LC',NULL,NULL,NULL,481),(18445,894,13,'13 A','',1,NULL,NULL,'LC',NULL,NULL,NULL,482),(18446,894,14,'14 B','',1,NULL,NULL,'LC',NULL,NULL,NULL,483),(18447,894,14,'14 A','',1,NULL,NULL,'LC',NULL,NULL,NULL,484),(18448,894,15,'15 B','',1,NULL,NULL,'LC',NULL,NULL,NULL,485),(18449,894,15,'15 A','',1,NULL,NULL,'LC',NULL,NULL,NULL,486),(18450,894,16,'16 B','',1,NULL,NULL,'LC',NULL,NULL,NULL,487),(18451,894,16,'16 A','',1,NULL,NULL,'LC',NULL,NULL,NULL,488),(18452,894,17,'17 B','',1,NULL,NULL,'LC',NULL,NULL,NULL,489),(18453,894,17,'17 A','',1,NULL,NULL,'LC',NULL,NULL,NULL,490),(18454,894,18,'18 B','',1,NULL,NULL,'LC',NULL,NULL,NULL,491),(18455,894,18,'18 A','',1,NULL,NULL,'LC',NULL,NULL,NULL,492),(18456,894,19,'19 B','',1,NULL,NULL,'LC',NULL,NULL,NULL,493),(18457,894,19,'19 A','',1,NULL,NULL,'LC',NULL,NULL,NULL,494),(18458,894,20,'20 B','',1,NULL,NULL,'LC',NULL,NULL,NULL,495),(18459,894,20,'20 A','',1,NULL,NULL,'LC',NULL,NULL,NULL,496),(18460,894,21,'21 B','',1,NULL,NULL,'LC',NULL,NULL,NULL,497),(18461,894,21,'21 A','',1,NULL,NULL,'LC',NULL,NULL,NULL,498),(18462,894,22,'22 B','',1,NULL,NULL,'LC',NULL,NULL,NULL,499),(18463,894,22,'22 A','',1,NULL,NULL,'LC',NULL,NULL,NULL,500),(18464,894,23,'23 B','',1,NULL,NULL,'LC',NULL,NULL,NULL,501),(18465,894,23,'23 A','',1,NULL,NULL,'LC',NULL,NULL,NULL,502),(18466,894,24,'24 B','',1,NULL,NULL,'LC',NULL,NULL,NULL,503),(18467,894,24,'24 A','',1,NULL,NULL,'LC',NULL,NULL,NULL,504),(18468,895,1,'01','',2,NULL,NULL,'LC',NULL,NULL,NULL,505),(18469,895,2,'02','',2,NULL,NULL,'LC',NULL,NULL,NULL,506),(18470,895,3,'03','',2,NULL,NULL,'LC',NULL,NULL,NULL,507),(18471,895,4,'04','',2,NULL,NULL,'LC',NULL,NULL,NULL,508),(18472,895,5,'05','',2,NULL,NULL,'LC',NULL,NULL,NULL,509),(18473,895,6,'06','',2,NULL,NULL,'LC',NULL,NULL,NULL,510),(18474,895,7,'07','',2,NULL,NULL,'LC',NULL,NULL,NULL,511),(18475,895,8,'08','',1,NULL,NULL,'LC',NULL,NULL,NULL,512),(18476,895,9,'09','',1,NULL,NULL,'LC',NULL,NULL,NULL,513),(18477,895,10,'10','',1,NULL,NULL,'LC',NULL,NULL,NULL,514),(18478,895,11,'11','',1,NULL,NULL,'LC',NULL,NULL,NULL,515),(18479,895,12,'12','',1,NULL,NULL,'LC',NULL,NULL,NULL,516),(18480,895,13,'13','',1,NULL,NULL,'LC',NULL,NULL,NULL,517),(18481,895,14,'14','',1,NULL,NULL,'LC',NULL,NULL,NULL,518),(18482,895,15,'15','',1,NULL,NULL,'LC',NULL,NULL,NULL,519),(18483,895,16,'16','',1,NULL,NULL,'LC',NULL,NULL,NULL,520),(18484,895,17,'17','',1,NULL,NULL,'LC',NULL,NULL,NULL,521),(18485,895,18,'18','',1,NULL,NULL,'LC',NULL,NULL,NULL,522),(18486,895,19,'19','',1,NULL,NULL,'LC',NULL,NULL,NULL,523),(18487,895,20,'20','',1,NULL,NULL,'LC',NULL,NULL,NULL,524),(18488,895,21,'21','',1,NULL,NULL,'LC',NULL,NULL,NULL,525),(18489,895,22,'22','',1,NULL,NULL,'LC',NULL,NULL,NULL,526),(18490,895,23,'23','',1,NULL,NULL,'LC',NULL,NULL,NULL,527),(18491,895,24,'24','',1,NULL,NULL,'LC',NULL,NULL,NULL,528),(18492,895,1,'01 B','',2,NULL,NULL,'LC',NULL,NULL,NULL,529),(18493,895,1,'01 A','',2,NULL,NULL,'LC',NULL,NULL,NULL,530),(18494,895,2,'02 B','',2,NULL,NULL,'LC',NULL,NULL,NULL,531),(18495,895,2,'02 A','',2,NULL,NULL,'LC',NULL,NULL,NULL,532),(18496,895,3,'03 B','',2,NULL,NULL,'LC',NULL,NULL,NULL,533),(18497,895,3,'03 A','',2,NULL,NULL,'LC',NULL,NULL,NULL,534),(18498,895,4,'04 B','',2,NULL,NULL,'LC',NULL,NULL,NULL,535),(18499,895,4,'04 A','',2,NULL,NULL,'LC',NULL,NULL,NULL,536),(18500,895,5,'05 B','',2,NULL,NULL,'LC',NULL,NULL,NULL,537),(18501,895,5,'05 A','',2,NULL,NULL,'LC',NULL,NULL,NULL,538),(18502,895,6,'06 B','',2,NULL,NULL,'LC',NULL,NULL,NULL,539),(18503,895,6,'06 A','',2,NULL,NULL,'LC',NULL,NULL,NULL,540),(18504,895,7,'07 B','',2,NULL,NULL,'LC',NULL,NULL,NULL,541),(18505,895,7,'07 A','',2,NULL,NULL,'LC',NULL,NULL,NULL,542),(18506,895,8,'08 B','',1,NULL,NULL,'LC',NULL,NULL,NULL,543),(18507,895,8,'08 A','',1,NULL,NULL,'LC',NULL,NULL,NULL,544),(18508,895,9,'09 B','',1,NULL,NULL,'LC',NULL,NULL,NULL,545),(18509,895,9,'09 A','',1,NULL,NULL,'LC',NULL,NULL,NULL,546),(18510,895,10,'10 B','',1,NULL,NULL,'LC',NULL,NULL,NULL,547),(18511,895,10,'10 A','',1,NULL,NULL,'LC',NULL,NULL,NULL,548),(18512,895,11,'11 B','',1,NULL,NULL,'LC',NULL,NULL,NULL,549),(18513,895,11,'11 A','',1,NULL,NULL,'LC',NULL,NULL,NULL,550),(18514,895,12,'12 B','',1,NULL,NULL,'LC',NULL,NULL,NULL,551),(18515,895,12,'12 A','',1,NULL,NULL,'LC',NULL,NULL,NULL,552),(18516,895,13,'13 B','',1,NULL,NULL,'LC',NULL,NULL,NULL,553),(18517,895,13,'13 A','',1,NULL,NULL,'LC',NULL,NULL,NULL,554),(18518,895,14,'14 B','',1,NULL,NULL,'LC',NULL,NULL,NULL,555),(18519,895,14,'14 A','',1,NULL,NULL,'LC',NULL,NULL,NULL,556),(18520,895,15,'15 B','',1,NULL,NULL,'LC',NULL,NULL,NULL,557),(18521,895,15,'15 A','',1,NULL,NULL,'LC',NULL,NULL,NULL,558),(18522,895,16,'16 B','',1,NULL,NULL,'LC',NULL,NULL,NULL,559),(18523,895,16,'16 A','',1,NULL,NULL,'LC',NULL,NULL,NULL,560),(18524,895,17,'17 B','',1,NULL,NULL,'LC',NULL,NULL,NULL,561),(18525,895,17,'17 A','',1,NULL,NULL,'LC',NULL,NULL,NULL,562),(18526,895,18,'18 B','',1,NULL,NULL,'LC',NULL,NULL,NULL,563),(18527,895,18,'18 A','',1,NULL,NULL,'LC',NULL,NULL,NULL,564),(18528,895,19,'19 B','',1,NULL,NULL,'LC',NULL,NULL,NULL,565),(18529,895,19,'19 A','',1,NULL,NULL,'LC',NULL,NULL,NULL,566),(18530,895,20,'20 B','',1,NULL,NULL,'LC',NULL,NULL,NULL,567),(18531,895,20,'20 A','',1,NULL,NULL,'LC',NULL,NULL,NULL,568),(18532,895,21,'21 B','',1,NULL,NULL,'LC',NULL,NULL,NULL,569),(18533,895,21,'21 A','',1,NULL,NULL,'LC',NULL,NULL,NULL,570),(18534,895,22,'22 B','',1,NULL,NULL,'LC',NULL,NULL,NULL,571),(18535,895,22,'22 A','',1,NULL,NULL,'LC',NULL,NULL,NULL,572),(18536,895,23,'23 B','',1,NULL,NULL,'LC',NULL,NULL,NULL,573),(18537,895,23,'23 A','',1,NULL,NULL,'LC',NULL,NULL,NULL,574),(18538,895,24,'24 B','',1,NULL,NULL,'LC',NULL,NULL,NULL,575),(18539,895,24,'24 A','',1,NULL,NULL,'LC',NULL,NULL,NULL,576),(18540,896,1,'01','',3,NULL,NULL,'LC',1242,'Module 1A',NULL,4434),(18541,896,2,'02','',3,NULL,NULL,'LC',1242,'Module 1A',NULL,4435),(18542,896,3,'03','',3,NULL,NULL,'LC',1242,'Module 1A',NULL,4436),(18543,896,4,'04','',3,NULL,NULL,'LC',1242,'Module 1A',NULL,4437),(18544,896,5,'05','',3,NULL,NULL,'LC',1242,'Module 1A',NULL,4438),(18545,896,6,'06','',3,NULL,NULL,'LC',1242,'Module 1A',NULL,4439),(18546,896,7,'07','',3,NULL,NULL,'LC',1242,'Module 1A',NULL,4440),(18547,896,8,'08','',3,NULL,NULL,'LC',1242,'Module 1A',NULL,4441),(18548,896,9,'09','',3,NULL,NULL,'LC',1242,'Module 1A',NULL,4442),(18549,896,10,'10','',3,NULL,NULL,'LC',1242,'Module 1A',NULL,4443),(18550,896,11,'11','',3,NULL,NULL,'LC',1242,'Module 1A',NULL,4444),(18551,896,12,'12','',3,NULL,NULL,'LC',1242,'Module 1A',NULL,4445),(18552,896,1,'01 B','',3,NULL,NULL,'LC',1242,'Module 1A',NULL,4446),(18553,896,1,'01 A','',3,NULL,NULL,'LC',1242,'Module 1A',NULL,4447),(18554,896,2,'02 B','',3,NULL,NULL,'LC',1242,'Module 1A',NULL,4448),(18555,896,2,'02 A','',3,NULL,NULL,'LC',1242,'Module 1A',NULL,4449),(18556,896,3,'03 B','',3,NULL,NULL,'LC',1242,'Module 1A',NULL,4450),(18557,896,3,'03 A','',3,NULL,NULL,'LC',1242,'Module 1A',NULL,4451),(18558,896,4,'04 B','',3,NULL,NULL,'LC',1242,'Module 1A',NULL,4452),(18559,896,4,'04 A','',3,NULL,NULL,'LC',1242,'Module 1A',NULL,4453),(18560,896,5,'05 B','',3,NULL,NULL,'LC',1242,'Module 1A',NULL,4454),(18561,896,5,'05 A','',3,NULL,NULL,'LC',1242,'Module 1A',NULL,4455),(18562,896,6,'06 B','',3,NULL,NULL,'LC',1242,'Module 1A',NULL,4456),(18563,896,6,'06 A','',3,NULL,NULL,'LC',1242,'Module 1A',NULL,4457),(18564,896,7,'07 B','',3,NULL,NULL,'LC',1242,'Module 1A',NULL,4458),(18565,896,7,'07 A','',3,NULL,NULL,'LC',1242,'Module 1A',NULL,4459),(18566,896,8,'08 B','',3,NULL,NULL,'LC',1242,'Module 1A',NULL,4460),(18567,896,8,'08 A','',3,NULL,NULL,'LC',1242,'Module 1A',NULL,4461),(18568,896,9,'09 B','',3,NULL,NULL,'LC',1242,'Module 1A',NULL,4462),(18569,896,9,'09 A','',3,NULL,NULL,'LC',1242,'Module 1A',NULL,4463),(18570,896,10,'10 B','',3,NULL,NULL,'LC',1242,'Module 1A',NULL,4464),(18571,896,10,'10 A','',3,NULL,NULL,'LC',1242,'Module 1A',NULL,4465),(18572,896,11,'11 B','',3,NULL,NULL,'LC',1242,'Module 1A',NULL,4466),(18573,896,11,'11 A','',3,NULL,NULL,'LC',1242,'Module 1A',NULL,4467),(18574,896,12,'12 B','',3,NULL,NULL,'LC',1242,'Module 1A',NULL,4468),(18575,896,12,'12 A','',3,NULL,NULL,'LC',1242,'Module 1A',NULL,4469),(18576,896,1,'01','',3,NULL,NULL,'LC',1243,'Module 1B',NULL,4470),(18577,896,2,'02','',3,NULL,NULL,'LC',1243,'Module 1B',NULL,4471),(18578,896,3,'03','',3,NULL,NULL,'LC',1243,'Module 1B',NULL,4472),(18579,896,4,'04','',3,NULL,NULL,'LC',1243,'Module 1B',NULL,4473),(18580,896,5,'05','',3,NULL,NULL,'LC',1243,'Module 1B',NULL,4474),(18581,896,6,'06','',3,NULL,NULL,'LC',1243,'Module 1B',NULL,4475),(18582,896,7,'07','',3,NULL,NULL,'LC',1243,'Module 1B',NULL,4476),(18583,896,8,'08','',3,NULL,NULL,'LC',1243,'Module 1B',NULL,4477),(18584,896,9,'09','',3,NULL,NULL,'LC',1243,'Module 1B',NULL,4478),(18585,896,10,'10','',3,NULL,NULL,'LC',1243,'Module 1B',NULL,4479),(18586,896,11,'11','',3,NULL,NULL,'LC',1243,'Module 1B',NULL,4480),(18587,896,12,'12','',3,NULL,NULL,'LC',1243,'Module 1B',NULL,4481),(18588,896,1,'01 B','',3,NULL,NULL,'LC',1243,'Module 1B',NULL,4482),(18589,896,1,'01 A','',3,NULL,NULL,'LC',1243,'Module 1B',NULL,4483),(18590,896,2,'02 B','',3,NULL,NULL,'LC',1243,'Module 1B',NULL,4484),(18591,896,2,'02 A','',3,NULL,NULL,'LC',1243,'Module 1B',NULL,4485),(18592,896,3,'03 B','',3,NULL,NULL,'LC',1243,'Module 1B',NULL,4486),(18593,896,3,'03 A','',3,NULL,NULL,'LC',1243,'Module 1B',NULL,4487),(18594,896,4,'04 B','',3,NULL,NULL,'LC',1243,'Module 1B',NULL,4488),(18595,896,4,'04 A','',3,NULL,NULL,'LC',1243,'Module 1B',NULL,4489),(18596,896,5,'05 B','',3,NULL,NULL,'LC',1243,'Module 1B',NULL,4490),(18597,896,5,'05 A','',3,NULL,NULL,'LC',1243,'Module 1B',NULL,4491),(18598,896,6,'06 B','',3,NULL,NULL,'LC',1243,'Module 1B',NULL,4492),(18599,896,6,'06 A','',3,NULL,NULL,'LC',1243,'Module 1B',NULL,4493),(18600,896,7,'07 B','',3,NULL,NULL,'LC',1243,'Module 1B',NULL,4494),(18601,896,7,'07 A','',3,NULL,NULL,'LC',1243,'Module 1B',NULL,4495),(18602,896,8,'08 B','',3,NULL,NULL,'LC',1243,'Module 1B',NULL,4496),(18603,896,8,'08 A','',3,NULL,NULL,'LC',1243,'Module 1B',NULL,4497),(18604,896,9,'09 B','',3,NULL,NULL,'LC',1243,'Module 1B',NULL,4498),(18605,896,9,'09 A','',3,NULL,NULL,'LC',1243,'Module 1B',NULL,4499),(18606,896,10,'10 B','',3,NULL,NULL,'LC',1243,'Module 1B',NULL,4500),(18607,896,10,'10 A','',3,NULL,NULL,'LC',1243,'Module 1B',NULL,4501),(18608,896,11,'11 B','',3,NULL,NULL,'LC',1243,'Module 1B',NULL,4502),(18609,896,11,'11 A','',3,NULL,NULL,'LC',1243,'Module 1B',NULL,4503),(18610,896,12,'12 B','',3,NULL,NULL,'LC',1243,'Module 1B',NULL,4504),(18611,896,12,'12 A','',3,NULL,NULL,'LC',1243,'Module 1B',NULL,4505),(18612,896,1,'01','',3,NULL,NULL,'LC',1244,'Module 1C',NULL,4506),(18613,896,2,'02','',3,NULL,NULL,'LC',1244,'Module 1C',NULL,4507),(18614,896,3,'03','',3,NULL,NULL,'LC',1244,'Module 1C',NULL,4508),(18615,896,4,'04','',3,NULL,NULL,'LC',1244,'Module 1C',NULL,4509),(18616,896,5,'05','',3,NULL,NULL,'LC',1244,'Module 1C',NULL,4510),(18617,896,6,'06','',3,NULL,NULL,'LC',1244,'Module 1C',NULL,4511),(18618,896,7,'07','',3,NULL,NULL,'LC',1244,'Module 1C',NULL,4512),(18619,896,8,'08','',3,NULL,NULL,'LC',1244,'Module 1C',NULL,4513),(18620,896,9,'09','',3,NULL,NULL,'LC',1244,'Module 1C',NULL,4514),(18621,896,10,'10','',3,NULL,NULL,'LC',1244,'Module 1C',NULL,4515),(18622,896,11,'11','',3,NULL,NULL,'LC',1244,'Module 1C',NULL,4516),(18623,896,12,'12','',3,NULL,NULL,'LC',1244,'Module 1C',NULL,4517),(18624,896,1,'01 B','',3,NULL,NULL,'LC',1244,'Module 1C',NULL,4518),(18625,896,1,'01 A','',3,NULL,NULL,'LC',1244,'Module 1C',NULL,4519),(18626,896,2,'02 B','',3,NULL,NULL,'LC',1244,'Module 1C',NULL,4520),(18627,896,2,'02 A','',3,NULL,NULL,'LC',1244,'Module 1C',NULL,4521),(18628,896,3,'03 B','',3,NULL,NULL,'LC',1244,'Module 1C',NULL,4522),(18629,896,3,'03 A','',3,NULL,NULL,'LC',1244,'Module 1C',NULL,4523),(18630,896,4,'04 B','',3,NULL,NULL,'LC',1244,'Module 1C',NULL,4524),(18631,896,4,'04 A','',3,NULL,NULL,'LC',1244,'Module 1C',NULL,4525),(18632,896,5,'05 B','',3,NULL,NULL,'LC',1244,'Module 1C',NULL,4526),(18633,896,5,'05 A','',3,NULL,NULL,'LC',1244,'Module 1C',NULL,4527),(18634,896,6,'06 B','',3,NULL,NULL,'LC',1244,'Module 1C',NULL,4528),(18635,896,6,'06 A','',3,NULL,NULL,'LC',1244,'Module 1C',NULL,4529),(18636,896,7,'07 B','',3,NULL,NULL,'LC',1244,'Module 1C',NULL,4530),(18637,896,7,'07 A','',3,NULL,NULL,'LC',1244,'Module 1C',NULL,4531),(18638,896,8,'08 B','',3,NULL,NULL,'LC',1244,'Module 1C',NULL,4532),(18639,896,8,'08 A','',3,NULL,NULL,'LC',1244,'Module 1C',NULL,4533),(18640,896,9,'09 B','',3,NULL,NULL,'LC',1244,'Module 1C',NULL,4534),(18641,896,9,'09 A','',3,NULL,NULL,'LC',1244,'Module 1C',NULL,4535),(18642,896,10,'10 B','',3,NULL,NULL,'LC',1244,'Module 1C',NULL,4536),(18643,896,10,'10 A','',3,NULL,NULL,'LC',1244,'Module 1C',NULL,4537),(18644,896,11,'11 B','',3,NULL,NULL,'LC',1244,'Module 1C',NULL,4538),(18645,896,11,'11 A','',3,NULL,NULL,'LC',1244,'Module 1C',NULL,4539),(18646,896,12,'12 B','',3,NULL,NULL,'LC',1244,'Module 1C',NULL,4540),(18647,896,12,'12 A','',3,NULL,NULL,'LC',1244,'Module 1C',NULL,4541),(18648,896,1,'01','',3,NULL,NULL,'LC',1245,'Module 1D',NULL,4542),(18649,896,2,'02','',3,NULL,NULL,'LC',1245,'Module 1D',NULL,4543),(18650,896,3,'03','',3,NULL,NULL,'LC',1245,'Module 1D',NULL,4544),(18651,896,4,'04','',3,NULL,NULL,'LC',1245,'Module 1D',NULL,4545),(18652,896,5,'05','',3,NULL,NULL,'LC',1245,'Module 1D',NULL,4546),(18653,896,6,'06','',3,NULL,NULL,'LC',1245,'Module 1D',NULL,4547),(18654,896,7,'07','',3,NULL,NULL,'LC',1245,'Module 1D',NULL,4548),(18655,896,8,'08','',3,NULL,NULL,'LC',1245,'Module 1D',NULL,4549),(18656,896,9,'09','',3,NULL,NULL,'LC',1245,'Module 1D',NULL,4550),(18657,896,10,'10','',3,NULL,NULL,'LC',1245,'Module 1D',NULL,4551),(18658,896,11,'11','',3,NULL,NULL,'LC',1245,'Module 1D',NULL,4552),(18659,896,12,'12','',3,NULL,NULL,'LC',1245,'Module 1D',NULL,4553),(18660,896,1,'01 B','',3,NULL,NULL,'LC',1245,'Module 1D',NULL,4554),(18661,896,1,'01 A','',3,NULL,NULL,'LC',1245,'Module 1D',NULL,4555),(18662,896,2,'02 B','',3,NULL,NULL,'LC',1245,'Module 1D',NULL,4556),(18663,896,2,'02 A','',3,NULL,NULL,'LC',1245,'Module 1D',NULL,4557),(18664,896,3,'03 B','',3,NULL,NULL,'LC',1245,'Module 1D',NULL,4558),(18665,896,3,'03 A','',3,NULL,NULL,'LC',1245,'Module 1D',NULL,4559),(18666,896,4,'04 B','',3,NULL,NULL,'LC',1245,'Module 1D',NULL,4560),(18667,896,4,'04 A','',3,NULL,NULL,'LC',1245,'Module 1D',NULL,4561),(18668,896,5,'05 B','',3,NULL,NULL,'LC',1245,'Module 1D',NULL,4562),(18669,896,5,'05 A','',3,NULL,NULL,'LC',1245,'Module 1D',NULL,4563),(18670,896,6,'06 B','',3,NULL,NULL,'LC',1245,'Module 1D',NULL,4564),(18671,896,6,'06 A','',3,NULL,NULL,'LC',1245,'Module 1D',NULL,4565),(18672,896,7,'07 B','',3,NULL,NULL,'LC',1245,'Module 1D',NULL,4566),(18673,896,7,'07 A','',3,NULL,NULL,'LC',1245,'Module 1D',NULL,4567),(18674,896,8,'08 B','',3,NULL,NULL,'LC',1245,'Module 1D',NULL,4568),(18675,896,8,'08 A','',3,NULL,NULL,'LC',1245,'Module 1D',NULL,4569),(18676,896,9,'09 B','',3,NULL,NULL,'LC',1245,'Module 1D',NULL,4570),(18677,896,9,'09 A','',3,NULL,NULL,'LC',1245,'Module 1D',NULL,4571),(18678,896,10,'10 B','',3,NULL,NULL,'LC',1245,'Module 1D',NULL,4572),(18679,896,10,'10 A','',3,NULL,NULL,'LC',1245,'Module 1D',NULL,4573),(18680,896,11,'11 B','',3,NULL,NULL,'LC',1245,'Module 1D',NULL,4574),(18681,896,11,'11 A','',3,NULL,NULL,'LC',1245,'Module 1D',NULL,4575),(18682,896,12,'12 B','',3,NULL,NULL,'LC',1245,'Module 1D',NULL,4576),(18683,896,12,'12 A','',3,NULL,NULL,'LC',1245,'Module 1D',NULL,4577),(18684,897,1,'01','',3,NULL,NULL,'LC',1258,'Module 01',NULL,4362),(18685,897,2,'02','',3,NULL,NULL,'LC',1258,'Module 01',NULL,4363),(18686,897,3,'03','',3,NULL,NULL,'LC',1258,'Module 01',NULL,4364),(18687,897,4,'04','',3,NULL,NULL,'LC',1258,'Module 01',NULL,4365),(18688,897,5,'05','',3,NULL,NULL,'LC',1258,'Module 01',NULL,4366),(18689,897,6,'06','',3,NULL,NULL,'LC',1258,'Module 01',NULL,4367),(18690,897,1,'01 B','',3,NULL,NULL,'LC',1258,'Module 01',NULL,4368),(18691,897,1,'01 A','',3,NULL,NULL,'LC',1258,'Module 01',NULL,4369),(18692,897,2,'02 B','',3,NULL,NULL,'LC',1258,'Module 01',NULL,4370),(18693,897,2,'02 A','',3,NULL,NULL,'LC',1258,'Module 01',NULL,4371),(18694,897,3,'03 B','',3,NULL,NULL,'LC',1258,'Module 01',NULL,4372),(18695,897,3,'03 A','',3,NULL,NULL,'LC',1258,'Module 01',NULL,4373),(18696,897,4,'04 B','',3,NULL,NULL,'LC',1258,'Module 01',NULL,4374),(18697,897,4,'04 A','',3,NULL,NULL,'LC',1258,'Module 01',NULL,4375),(18698,897,5,'05 B','',3,NULL,NULL,'LC',1258,'Module 01',NULL,4376),(18699,897,5,'05 A','',3,NULL,NULL,'LC',1258,'Module 01',NULL,4377),(18700,897,6,'06 B','',3,NULL,NULL,'LC',1258,'Module 01',NULL,4378),(18701,897,6,'06 A','',3,NULL,NULL,'LC',1258,'Module 01',NULL,4379),(18702,897,7,'07','',3,NULL,NULL,'LC',1259,'Module 02',NULL,4380),(18703,897,8,'08','',3,NULL,NULL,'LC',1259,'Module 02',NULL,4381),(18704,897,9,'09','',3,NULL,NULL,'LC',1259,'Module 02',NULL,4382),(18705,897,10,'10','',3,NULL,NULL,'LC',1259,'Module 02',NULL,4383),(18706,897,11,'11','',3,NULL,NULL,'LC',1259,'Module 02',NULL,4384),(18707,897,12,'12','',3,NULL,NULL,'LC',1259,'Module 02',NULL,4385),(18708,897,7,'07 B','',3,NULL,NULL,'LC',1259,'Module 02',NULL,4386),(18709,897,7,'07 A','',3,NULL,NULL,'LC',1259,'Module 02',NULL,4387),(18710,897,8,'08 B','',3,NULL,NULL,'LC',1259,'Module 02',NULL,4388),(18711,897,8,'08 A','',3,NULL,NULL,'LC',1259,'Module 02',NULL,4389),(18712,897,9,'09 B','',3,NULL,NULL,'LC',1259,'Module 02',NULL,4390),(18713,897,9,'09 A','',3,NULL,NULL,'LC',1259,'Module 02',NULL,4391),(18714,897,10,'10 B','',3,NULL,NULL,'LC',1259,'Module 02',NULL,4392),(18715,897,10,'10 A','',3,NULL,NULL,'LC',1259,'Module 02',NULL,4393),(18716,897,11,'11 B','',3,NULL,NULL,'LC',1259,'Module 02',NULL,4394),(18717,897,11,'11 A','',3,NULL,NULL,'LC',1259,'Module 02',NULL,4395),(18718,897,12,'12 B','',3,NULL,NULL,'LC',1259,'Module 02',NULL,4396),(18719,897,12,'12 A','',3,NULL,NULL,'LC',1259,'Module 02',NULL,4397),(18720,897,13,'13','',3,NULL,NULL,'LC',1260,'Module 03',NULL,4398),(18721,897,14,'14','',3,NULL,NULL,'LC',1260,'Module 03',NULL,4399),(18722,897,15,'15','',3,NULL,NULL,'LC',1260,'Module 03',NULL,4400),(18723,897,16,'16','',3,NULL,NULL,'LC',1260,'Module 03',NULL,4401),(18724,897,17,'17','',3,NULL,NULL,'LC',1260,'Module 03',NULL,4402),(18725,897,18,'18','',3,NULL,NULL,'LC',1260,'Module 03',NULL,4403),(18726,897,13,'13 B','',3,NULL,NULL,'LC',1260,'Module 03',NULL,4404),(18727,897,13,'13 A','',3,NULL,NULL,'LC',1260,'Module 03',NULL,4405),(18728,897,14,'14 B','',3,NULL,NULL,'LC',1260,'Module 03',NULL,4406),(18729,897,14,'14 A','',3,NULL,NULL,'LC',1260,'Module 03',NULL,4407),(18730,897,15,'15 B','',3,NULL,NULL,'LC',1260,'Module 03',NULL,4408),(18731,897,15,'15 A','',3,NULL,NULL,'LC',1260,'Module 03',NULL,4409),(18732,897,16,'16 B','',3,NULL,NULL,'LC',1260,'Module 03',NULL,4410),(18733,897,16,'16 A','',3,NULL,NULL,'LC',1260,'Module 03',NULL,4411),(18734,897,17,'17 B','',3,NULL,NULL,'LC',1260,'Module 03',NULL,4412),(18735,897,17,'17 A','',3,NULL,NULL,'LC',1260,'Module 03',NULL,4413),(18736,897,18,'18 B','',3,NULL,NULL,'LC',1260,'Module 03',NULL,4414),(18737,897,18,'18 A','',3,NULL,NULL,'LC',1260,'Module 03',NULL,4415),(18738,897,19,'19','',3,NULL,NULL,'LC',1261,'Module 04',NULL,4416),(18739,897,20,'20','',3,NULL,NULL,'LC',1261,'Module 04',NULL,4417),(18740,897,21,'21','',3,NULL,NULL,'LC',1261,'Module 04',NULL,4418),(18741,897,22,'22','',3,NULL,NULL,'LC',1261,'Module 04',NULL,4419),(18742,897,23,'23','',3,NULL,NULL,'LC',1261,'Module 04',NULL,4420),(18743,897,24,'24','',3,NULL,NULL,'LC',1261,'Module 04',NULL,4421),(18744,897,19,'19 B','',3,NULL,NULL,'LC',1261,'Module 04',NULL,4422),(18745,897,19,'19 A','',3,NULL,NULL,'LC',1261,'Module 04',NULL,4423),(18746,897,20,'20 B','',3,NULL,NULL,'LC',1261,'Module 04',NULL,4424),(18747,897,20,'20 A','',3,NULL,NULL,'LC',1261,'Module 04',NULL,4425),(18748,897,21,'21 B','',3,NULL,NULL,'LC',1261,'Module 04',NULL,4426),(18749,897,21,'21 A','',3,NULL,NULL,'LC',1261,'Module 04',NULL,4427),(18750,897,22,'22 B','',3,NULL,NULL,'LC',1261,'Module 04',NULL,4428),(18751,897,22,'22 A','',3,NULL,NULL,'LC',1261,'Module 04',NULL,4429),(18752,897,23,'23 B','',3,NULL,NULL,'LC',1261,'Module 04',NULL,4430),(18753,897,23,'23 A','',3,NULL,NULL,'LC',1261,'Module 04',NULL,4431),(18754,897,24,'24 B','',3,NULL,NULL,'LC',1261,'Module 04',NULL,4432),(18755,897,24,'24 A','',3,NULL,NULL,'LC',1261,'Module 04',NULL,4433),(18756,898,1,'01','',3,NULL,NULL,'LC',1263,'Module 1A',NULL,4578),(18757,898,2,'02','',3,NULL,NULL,'LC',1263,'Module 1A',NULL,4579),(18758,898,3,'03','',3,NULL,NULL,'LC',1263,'Module 1A',NULL,4580),(18759,898,4,'04','',3,NULL,NULL,'LC',1263,'Module 1A',NULL,4581),(18760,898,5,'05','',3,NULL,NULL,'LC',1263,'Module 1A',NULL,4582),(18761,898,6,'06','',3,NULL,NULL,'LC',1263,'Module 1A',NULL,4583),(18762,898,7,'07','',3,NULL,NULL,'LC',1263,'Module 1A',NULL,4584),(18763,898,8,'08','',3,NULL,NULL,'LC',1263,'Module 1A',NULL,4585),(18764,898,9,'09','',3,NULL,NULL,'LC',1263,'Module 1A',NULL,4586),(18765,898,10,'10','',3,NULL,NULL,'LC',1263,'Module 1A',NULL,4587),(18766,898,11,'11','',3,NULL,NULL,'LC',1263,'Module 1A',NULL,4588),(18767,898,12,'12','',3,NULL,NULL,'LC',1263,'Module 1A',NULL,4589),(18768,898,1,'01 B','',3,NULL,NULL,'LC',1263,'Module 1A',NULL,4590),(18769,898,1,'01 A','',3,NULL,NULL,'LC',1263,'Module 1A',NULL,4591),(18770,898,2,'02 B','',3,NULL,NULL,'LC',1263,'Module 1A',NULL,4592),(18771,898,2,'02 A','',3,NULL,NULL,'LC',1263,'Module 1A',NULL,4593),(18772,898,3,'03 B','',3,NULL,NULL,'LC',1263,'Module 1A',NULL,4594),(18773,898,3,'03 A','',3,NULL,NULL,'LC',1263,'Module 1A',NULL,4595),(18774,898,4,'04 B','',3,NULL,NULL,'LC',1263,'Module 1A',NULL,4596),(18775,898,4,'04 A','',3,NULL,NULL,'LC',1263,'Module 1A',NULL,4597),(18776,898,5,'05 B','',3,NULL,NULL,'LC',1263,'Module 1A',NULL,4598),(18777,898,5,'05 A','',3,NULL,NULL,'LC',1263,'Module 1A',NULL,4599),(18778,898,6,'06 B','',3,NULL,NULL,'LC',1263,'Module 1A',NULL,4600),(18779,898,6,'06 A','',3,NULL,NULL,'LC',1263,'Module 1A',NULL,4601),(18780,898,7,'07 B','',3,NULL,NULL,'LC',1263,'Module 1A',NULL,4602),(18781,898,7,'07 A','',3,NULL,NULL,'LC',1263,'Module 1A',NULL,4603),(18782,898,8,'08 B','',3,NULL,NULL,'LC',1263,'Module 1A',NULL,4604),(18783,898,8,'08 A','',3,NULL,NULL,'LC',1263,'Module 1A',NULL,4605),(18784,898,9,'09 B','',3,NULL,NULL,'LC',1263,'Module 1A',NULL,4606),(18785,898,9,'09 A','',3,NULL,NULL,'LC',1263,'Module 1A',NULL,4607),(18786,898,10,'10 B','',3,NULL,NULL,'LC',1263,'Module 1A',NULL,4608),(18787,898,10,'10 A','',3,NULL,NULL,'LC',1263,'Module 1A',NULL,4609),(18788,898,11,'11 B','',3,NULL,NULL,'LC',1263,'Module 1A',NULL,4610),(18789,898,11,'11 A','',3,NULL,NULL,'LC',1263,'Module 1A',NULL,4611),(18790,898,12,'12 B','',3,NULL,NULL,'LC',1263,'Module 1A',NULL,4612),(18791,898,12,'12 A','',3,NULL,NULL,'LC',1263,'Module 1A',NULL,4613),(18792,898,1,'01','',3,NULL,NULL,'LC',1264,'Module 1B',NULL,4614),(18793,898,2,'02','',3,NULL,NULL,'LC',1264,'Module 1B',NULL,4615),(18794,898,3,'03','',3,NULL,NULL,'LC',1264,'Module 1B',NULL,4616),(18795,898,4,'04','',3,NULL,NULL,'LC',1264,'Module 1B',NULL,4617),(18796,898,5,'05','',3,NULL,NULL,'LC',1264,'Module 1B',NULL,4618),(18797,898,6,'06','',3,NULL,NULL,'LC',1264,'Module 1B',NULL,4619),(18798,898,7,'07','',3,NULL,NULL,'LC',1264,'Module 1B',NULL,4620),(18799,898,8,'08','',3,NULL,NULL,'LC',1264,'Module 1B',NULL,4621),(18800,898,9,'09','',3,NULL,NULL,'LC',1264,'Module 1B',NULL,4622),(18801,898,10,'10','',3,NULL,NULL,'LC',1264,'Module 1B',NULL,4623),(18802,898,11,'11','',3,NULL,NULL,'LC',1264,'Module 1B',NULL,4624),(18803,898,12,'12','',3,NULL,NULL,'LC',1264,'Module 1B',NULL,4625),(18804,898,1,'01 B','',3,NULL,NULL,'LC',1264,'Module 1B',NULL,4626),(18805,898,1,'01 A','',3,NULL,NULL,'LC',1264,'Module 1B',NULL,4627),(18806,898,2,'02 B','',3,NULL,NULL,'LC',1264,'Module 1B',NULL,4628),(18807,898,2,'02 A','',3,NULL,NULL,'LC',1264,'Module 1B',NULL,4629),(18808,898,3,'03 B','',3,NULL,NULL,'LC',1264,'Module 1B',NULL,4630),(18809,898,3,'03 A','',3,NULL,NULL,'LC',1264,'Module 1B',NULL,4631),(18810,898,4,'04 B','',3,NULL,NULL,'LC',1264,'Module 1B',NULL,4632),(18811,898,4,'04 A','',3,NULL,NULL,'LC',1264,'Module 1B',NULL,4633),(18812,898,5,'05 B','',3,NULL,NULL,'LC',1264,'Module 1B',NULL,4634),(18813,898,5,'05 A','',3,NULL,NULL,'LC',1264,'Module 1B',NULL,4635),(18814,898,6,'06 B','',3,NULL,NULL,'LC',1264,'Module 1B',NULL,4636),(18815,898,6,'06 A','',3,NULL,NULL,'LC',1264,'Module 1B',NULL,4637),(18816,898,7,'07 B','',3,NULL,NULL,'LC',1264,'Module 1B',NULL,4638),(18817,898,7,'07 A','',3,NULL,NULL,'LC',1264,'Module 1B',NULL,4639),(18818,898,8,'08 B','',3,NULL,NULL,'LC',1264,'Module 1B',NULL,4640),(18819,898,8,'08 A','',3,NULL,NULL,'LC',1264,'Module 1B',NULL,4641),(18820,898,9,'09 B','',3,NULL,NULL,'LC',1264,'Module 1B',NULL,4642),(18821,898,9,'09 A','',3,NULL,NULL,'LC',1264,'Module 1B',NULL,4643),(18822,898,10,'10 B','',3,NULL,NULL,'LC',1264,'Module 1B',NULL,4644),(18823,898,10,'10 A','',3,NULL,NULL,'LC',1264,'Module 1B',NULL,4645),(18824,898,11,'11 B','',3,NULL,NULL,'LC',1264,'Module 1B',NULL,4646),(18825,898,11,'11 A','',3,NULL,NULL,'LC',1264,'Module 1B',NULL,4647),(18826,898,12,'12 B','',3,NULL,NULL,'LC',1264,'Module 1B',NULL,4648),(18827,898,12,'12 A','',3,NULL,NULL,'LC',1264,'Module 1B',NULL,4649),(18828,898,1,'01','',3,NULL,NULL,'LC',1265,'Module 1C',NULL,4650),(18829,898,2,'02','',3,NULL,NULL,'LC',1265,'Module 1C',NULL,4651),(18830,898,3,'03','',3,NULL,NULL,'LC',1265,'Module 1C',NULL,4652),(18831,898,4,'04','',3,NULL,NULL,'LC',1265,'Module 1C',NULL,4653),(18832,898,5,'05','',3,NULL,NULL,'LC',1265,'Module 1C',NULL,4654),(18833,898,6,'06','',3,NULL,NULL,'LC',1265,'Module 1C',NULL,4655),(18834,898,7,'07','',3,NULL,NULL,'LC',1265,'Module 1C',NULL,4656),(18835,898,8,'08','',3,NULL,NULL,'LC',1265,'Module 1C',NULL,4657),(18836,898,9,'09','',3,NULL,NULL,'LC',1265,'Module 1C',NULL,4658),(18837,898,10,'10','',3,NULL,NULL,'LC',1265,'Module 1C',NULL,4659),(18838,898,11,'11','',3,NULL,NULL,'LC',1265,'Module 1C',NULL,4660),(18839,898,12,'12','',3,NULL,NULL,'LC',1265,'Module 1C',NULL,4661),(18840,898,1,'01 B','',3,NULL,NULL,'LC',1265,'Module 1C',NULL,4662),(18841,898,1,'01 A','',3,NULL,NULL,'LC',1265,'Module 1C',NULL,4663),(18842,898,2,'02 B','',3,NULL,NULL,'LC',1265,'Module 1C',NULL,4664),(18843,898,2,'02 A','',3,NULL,NULL,'LC',1265,'Module 1C',NULL,4665),(18844,898,3,'03 B','',3,NULL,NULL,'LC',1265,'Module 1C',NULL,4666),(18845,898,3,'03 A','',3,NULL,NULL,'LC',1265,'Module 1C',NULL,4667),(18846,898,4,'04 B','',3,NULL,NULL,'LC',1265,'Module 1C',NULL,4668),(18847,898,4,'04 A','',3,NULL,NULL,'LC',1265,'Module 1C',NULL,4669),(18848,898,5,'05 B','',3,NULL,NULL,'LC',1265,'Module 1C',NULL,4670),(18849,898,5,'05 A','',3,NULL,NULL,'LC',1265,'Module 1C',NULL,4671),(18850,898,6,'06 B','',3,NULL,NULL,'LC',1265,'Module 1C',NULL,4672),(18851,898,6,'06 A','',3,NULL,NULL,'LC',1265,'Module 1C',NULL,4673),(18852,898,7,'07 B','',3,NULL,NULL,'LC',1265,'Module 1C',NULL,4674),(18853,898,7,'07 A','',3,NULL,NULL,'LC',1265,'Module 1C',NULL,4675),(18854,898,8,'08 B','',3,NULL,NULL,'LC',1265,'Module 1C',NULL,4676),(18855,898,8,'08 A','',3,NULL,NULL,'LC',1265,'Module 1C',NULL,4677),(18856,898,9,'09 B','',3,NULL,NULL,'LC',1265,'Module 1C',NULL,4678),(18857,898,9,'09 A','',3,NULL,NULL,'LC',1265,'Module 1C',NULL,4679),(18858,898,10,'10 B','',3,NULL,NULL,'LC',1265,'Module 1C',NULL,4680),(18859,898,10,'10 A','',3,NULL,NULL,'LC',1265,'Module 1C',NULL,4681),(18860,898,11,'11 B','',3,NULL,NULL,'LC',1265,'Module 1C',NULL,4682),(18861,898,11,'11 A','',3,NULL,NULL,'LC',1265,'Module 1C',NULL,4683),(18862,898,12,'12 B','',3,NULL,NULL,'LC',1265,'Module 1C',NULL,4684),(18863,898,12,'12 A','',3,NULL,NULL,'LC',1265,'Module 1C',NULL,4685),(18864,898,1,'01','',3,NULL,NULL,'LC',1266,'Module 1D',NULL,4686),(18865,898,2,'02','',3,NULL,NULL,'LC',1266,'Module 1D',NULL,4687),(18866,898,3,'03','',3,NULL,NULL,'LC',1266,'Module 1D',NULL,4688),(18867,898,4,'04','',3,NULL,NULL,'LC',1266,'Module 1D',NULL,4689),(18868,898,5,'05','',3,NULL,NULL,'LC',1266,'Module 1D',NULL,4690),(18869,898,6,'06','',3,NULL,NULL,'LC',1266,'Module 1D',NULL,4691),(18870,898,7,'07','',3,NULL,NULL,'LC',1266,'Module 1D',NULL,4692),(18871,898,8,'08','',3,NULL,NULL,'LC',1266,'Module 1D',NULL,4693),(18872,898,9,'09','',3,NULL,NULL,'LC',1266,'Module 1D',NULL,4694),(18873,898,10,'10','',3,NULL,NULL,'LC',1266,'Module 1D',NULL,4695),(18874,898,11,'11','',3,NULL,NULL,'LC',1266,'Module 1D',NULL,4696),(18875,898,12,'12','',3,NULL,NULL,'LC',1266,'Module 1D',NULL,4697),(18876,898,1,'01 B','',3,NULL,NULL,'LC',1266,'Module 1D',NULL,4698),(18877,898,1,'01 A','',3,NULL,NULL,'LC',1266,'Module 1D',NULL,4699),(18878,898,2,'02 B','',3,NULL,NULL,'LC',1266,'Module 1D',NULL,4700),(18879,898,2,'02 A','',3,NULL,NULL,'LC',1266,'Module 1D',NULL,4701),(18880,898,3,'03 B','',3,NULL,NULL,'LC',1266,'Module 1D',NULL,4702),(18881,898,3,'03 A','',3,NULL,NULL,'LC',1266,'Module 1D',NULL,4703),(18882,898,4,'04 B','',3,NULL,NULL,'LC',1266,'Module 1D',NULL,4704),(18883,898,4,'04 A','',3,NULL,NULL,'LC',1266,'Module 1D',NULL,4705),(18884,898,5,'05 B','',3,NULL,NULL,'LC',1266,'Module 1D',NULL,4706),(18885,898,5,'05 A','',3,NULL,NULL,'LC',1266,'Module 1D',NULL,4707),(18886,898,6,'06 B','',3,NULL,NULL,'LC',1266,'Module 1D',NULL,4708),(18887,898,6,'06 A','',3,NULL,NULL,'LC',1266,'Module 1D',NULL,4709),(18888,898,7,'07 B','',3,NULL,NULL,'LC',1266,'Module 1D',NULL,4710),(18889,898,7,'07 A','',3,NULL,NULL,'LC',1266,'Module 1D',NULL,4711),(18890,898,8,'08 B','',3,NULL,NULL,'LC',1266,'Module 1D',NULL,4712),(18891,898,8,'08 A','',3,NULL,NULL,'LC',1266,'Module 1D',NULL,4713),(18892,898,9,'09 B','',3,NULL,NULL,'LC',1266,'Module 1D',NULL,4714),(18893,898,9,'09 A','',3,NULL,NULL,'LC',1266,'Module 1D',NULL,4715),(18894,898,10,'10 B','',3,NULL,NULL,'LC',1266,'Module 1D',NULL,4716),(18895,898,10,'10 A','',3,NULL,NULL,'LC',1266,'Module 1D',NULL,4717),(18896,898,11,'11 B','',3,NULL,NULL,'LC',1266,'Module 1D',NULL,4718),(18897,898,11,'11 A','',3,NULL,NULL,'LC',1266,'Module 1D',NULL,4719),(18898,898,12,'12 B','',3,NULL,NULL,'LC',1266,'Module 1D',NULL,4720),(18899,898,12,'12 A','',3,NULL,NULL,'LC',1266,'Module 1D',NULL,4721),(18900,899,1,'01','',3,NULL,NULL,'LC',1282,'Module 01',NULL,4924),(18901,899,2,'02','',3,NULL,NULL,'LC',1282,'Module 01',NULL,4925),(18902,899,3,'03','',3,NULL,NULL,'LC',1282,'Module 01',NULL,4926),(18903,899,4,'04','',3,NULL,NULL,'LC',1282,'Module 01',NULL,4927),(18904,899,5,'05','',3,NULL,NULL,'LC',1282,'Module 01',NULL,4928),(18905,899,6,'06','',3,NULL,NULL,'LC',1282,'Module 01',NULL,4929),(18906,899,7,'07','',3,NULL,NULL,'LC',1282,'Module 01',NULL,4930),(18907,899,8,'08','',3,NULL,NULL,'LC',1282,'Module 01',NULL,4931),(18908,899,9,'09','',3,NULL,NULL,'LC',1282,'Module 01',NULL,4932),(18909,899,10,'10','',3,NULL,NULL,'LC',1282,'Module 01',NULL,4933),(18910,899,11,'11','',3,NULL,NULL,'LC',1282,'Module 01',NULL,4934),(18911,899,12,'12','',3,NULL,NULL,'LC',1282,'Module 01',NULL,4935),(18912,899,1,'01 B','',3,NULL,NULL,'LC',1282,'Module 01',NULL,4936),(18913,899,1,'01 A','',3,NULL,NULL,'LC',1282,'Module 01',NULL,4937),(18914,899,2,'02 B','',3,NULL,NULL,'LC',1282,'Module 01',NULL,4938),(18915,899,2,'02 A','',3,NULL,NULL,'LC',1282,'Module 01',NULL,4939),(18916,899,3,'03 B','',3,NULL,NULL,'LC',1282,'Module 01',NULL,4940),(18917,899,3,'03 A','',3,NULL,NULL,'LC',1282,'Module 01',NULL,4941),(18918,899,4,'04 B','',3,NULL,NULL,'LC',1282,'Module 01',NULL,4942),(18919,899,4,'04 A','',3,NULL,NULL,'LC',1282,'Module 01',NULL,4943),(18920,899,5,'05 B','',3,NULL,NULL,'LC',1282,'Module 01',NULL,4944),(18921,899,5,'05 A','',3,NULL,NULL,'LC',1282,'Module 01',NULL,4945),(18922,899,6,'06 B','',3,NULL,NULL,'LC',1282,'Module 01',NULL,4946),(18923,899,6,'06 A','',3,NULL,NULL,'LC',1282,'Module 01',NULL,4947),(18924,899,7,'07 B','',3,NULL,NULL,'LC',1282,'Module 01',NULL,4948),(18925,899,7,'07 A','',3,NULL,NULL,'LC',1282,'Module 01',NULL,4949),(18926,899,8,'08 B','',3,NULL,NULL,'LC',1282,'Module 01',NULL,4950),(18927,899,8,'08 A','',3,NULL,NULL,'LC',1282,'Module 01',NULL,4951),(18928,899,9,'09 B','',3,NULL,NULL,'LC',1282,'Module 01',NULL,4952),(18929,899,9,'09 A','',3,NULL,NULL,'LC',1282,'Module 01',NULL,4953),(18930,899,10,'10 B','',3,NULL,NULL,'LC',1282,'Module 01',NULL,4954),(18931,899,10,'10 A','',3,NULL,NULL,'LC',1282,'Module 01',NULL,4955),(18932,899,11,'11 B','',3,NULL,NULL,'LC',1282,'Module 01',NULL,4956),(18933,899,11,'11 A','',3,NULL,NULL,'LC',1282,'Module 01',NULL,4957),(18934,899,12,'12 B','',3,NULL,NULL,'LC',1282,'Module 01',NULL,4958),(18935,899,12,'12 A','',3,NULL,NULL,'LC',1282,'Module 01',NULL,4959),(18936,899,13,'13','',3,NULL,NULL,'LC',1283,'Module 02',NULL,4960),(18937,899,14,'14','',3,NULL,NULL,'LC',1283,'Module 02',NULL,4961),(18938,899,15,'15','',3,NULL,NULL,'LC',1283,'Module 02',NULL,4962),(18939,899,16,'16','',3,NULL,NULL,'LC',1283,'Module 02',NULL,4963),(18940,899,17,'17','',3,NULL,NULL,'LC',1283,'Module 02',NULL,4964),(18941,899,18,'18','',3,NULL,NULL,'LC',1283,'Module 02',NULL,4965),(18942,899,19,'19','',3,NULL,NULL,'LC',1283,'Module 02',NULL,4966),(18943,899,20,'20','',3,NULL,NULL,'LC',1283,'Module 02',NULL,4967),(18944,899,21,'21','',3,NULL,NULL,'LC',1283,'Module 02',NULL,4968),(18945,899,22,'22','',3,NULL,NULL,'LC',1283,'Module 02',NULL,4969),(18946,899,23,'23','',3,NULL,NULL,'LC',1283,'Module 02',NULL,4970),(18947,899,24,'24','',3,NULL,NULL,'LC',1283,'Module 02',NULL,4971),(18948,899,13,'13 B','',3,NULL,NULL,'LC',1283,'Module 02',NULL,4972),(18949,899,13,'13 A','',3,NULL,NULL,'LC',1283,'Module 02',NULL,4973),(18950,899,14,'14 B','',3,NULL,NULL,'LC',1283,'Module 02',NULL,4974),(18951,899,14,'14 A','',3,NULL,NULL,'LC',1283,'Module 02',NULL,4975),(18952,899,15,'15 B','',3,NULL,NULL,'LC',1283,'Module 02',NULL,4976),(18953,899,15,'15 A','',3,NULL,NULL,'LC',1283,'Module 02',NULL,4977),(18954,899,16,'16 B','',3,NULL,NULL,'LC',1283,'Module 02',NULL,4978),(18955,899,16,'16 A','',3,NULL,NULL,'LC',1283,'Module 02',NULL,4979),(18956,899,17,'17 B','',3,NULL,NULL,'LC',1283,'Module 02',NULL,4980),(18957,899,17,'17 A','',3,NULL,NULL,'LC',1283,'Module 02',NULL,4981),(18958,899,18,'18 B','',3,NULL,NULL,'LC',1283,'Module 02',NULL,4982),(18959,899,18,'18 A','',3,NULL,NULL,'LC',1283,'Module 02',NULL,4983),(18960,899,19,'19 B','',3,NULL,NULL,'LC',1283,'Module 02',NULL,4984),(18961,899,19,'19 A','',3,NULL,NULL,'LC',1283,'Module 02',NULL,4985),(18962,899,20,'20 B','',3,NULL,NULL,'LC',1283,'Module 02',NULL,4986),(18963,899,20,'20 A','',3,NULL,NULL,'LC',1283,'Module 02',NULL,4987),(18964,899,21,'21 B','',3,NULL,NULL,'LC',1283,'Module 02',NULL,4988),(18965,899,21,'21 A','',3,NULL,NULL,'LC',1283,'Module 02',NULL,4989),(18966,899,22,'22 B','',3,NULL,NULL,'LC',1283,'Module 02',NULL,4990),(18967,899,22,'22 A','',3,NULL,NULL,'LC',1283,'Module 02',NULL,4991),(18968,899,23,'23 B','',3,NULL,NULL,'LC',1283,'Module 02',NULL,4992),(18969,899,23,'23 A','',3,NULL,NULL,'LC',1283,'Module 02',NULL,4993),(18970,899,24,'24 B','',3,NULL,NULL,'LC',1283,'Module 02',NULL,4994),(18971,899,24,'24 A','',3,NULL,NULL,'LC',1283,'Module 02',NULL,4995),(18972,899,25,'25','',3,NULL,NULL,'LC',1284,'Module 03',NULL,4996),(18973,899,26,'26','',3,NULL,NULL,'LC',1284,'Module 03',NULL,4997),(18974,899,27,'27','',3,NULL,NULL,'LC',1284,'Module 03',NULL,4998),(18975,899,28,'28','',3,NULL,NULL,'LC',1284,'Module 03',NULL,4999),(18976,899,29,'29','',3,NULL,NULL,'LC',1284,'Module 03',NULL,5000),(18977,899,30,'30','',3,NULL,NULL,'LC',1284,'Module 03',NULL,5001),(18978,899,31,'31','',3,NULL,NULL,'LC',1284,'Module 03',NULL,5002),(18979,899,32,'32','',3,NULL,NULL,'LC',1284,'Module 03',NULL,5003),(18980,899,33,'33','',3,NULL,NULL,'LC',1284,'Module 03',NULL,5004),(18981,899,34,'34','',3,NULL,NULL,'LC',1284,'Module 03',NULL,5005),(18982,899,35,'35','',3,NULL,NULL,'LC',1284,'Module 03',NULL,5006),(18983,899,36,'36','',3,NULL,NULL,'LC',1284,'Module 03',NULL,5007),(18984,899,25,'25 B','',3,NULL,NULL,'LC',1284,'Module 03',NULL,5008),(18985,899,25,'25 A','',3,NULL,NULL,'LC',1284,'Module 03',NULL,5009),(18986,899,26,'26 B','',3,NULL,NULL,'LC',1284,'Module 03',NULL,5010),(18987,899,26,'26 A','',3,NULL,NULL,'LC',1284,'Module 03',NULL,5011),(18988,899,27,'27 B','',3,NULL,NULL,'LC',1284,'Module 03',NULL,5012),(18989,899,27,'27 A','',3,NULL,NULL,'LC',1284,'Module 03',NULL,5013),(18990,899,28,'28 B','',3,NULL,NULL,'LC',1284,'Module 03',NULL,5014),(18991,899,28,'28 A','',3,NULL,NULL,'LC',1284,'Module 03',NULL,5015),(18992,899,29,'29 B','',3,NULL,NULL,'LC',1284,'Module 03',NULL,5016),(18993,899,29,'29 A','',3,NULL,NULL,'LC',1284,'Module 03',NULL,5017),(18994,899,30,'30 B','',3,NULL,NULL,'LC',1284,'Module 03',NULL,5018),(18995,899,30,'30 A','',3,NULL,NULL,'LC',1284,'Module 03',NULL,5019),(18996,899,31,'31 B','',3,NULL,NULL,'LC',1284,'Module 03',NULL,5020),(18997,899,31,'31 A','',3,NULL,NULL,'LC',1284,'Module 03',NULL,5021),(18998,899,32,'32 B','',3,NULL,NULL,'LC',1284,'Module 03',NULL,5022),(18999,899,32,'32 A','',3,NULL,NULL,'LC',1284,'Module 03',NULL,5023),(19000,899,33,'33 B','',3,NULL,NULL,'LC',1284,'Module 03',NULL,5024),(19001,899,33,'33 A','',3,NULL,NULL,'LC',1284,'Module 03',NULL,5025),(19002,899,34,'34 B','',3,NULL,NULL,'LC',1284,'Module 03',NULL,5026),(19003,899,34,'34 A','',3,NULL,NULL,'LC',1284,'Module 03',NULL,5027),(19004,899,35,'35 B','',3,NULL,NULL,'LC',1284,'Module 03',NULL,5028),(19005,899,35,'35 A','',3,NULL,NULL,'LC',1284,'Module 03',NULL,5029),(19006,899,36,'36 B','',3,NULL,NULL,'LC',1284,'Module 03',NULL,5030),(19007,899,36,'36 A','',3,NULL,NULL,'LC',1284,'Module 03',NULL,5031),(19008,899,37,'37','',3,NULL,NULL,'LC',1285,'Module 04',NULL,5032),(19009,899,38,'38','',3,NULL,NULL,'LC',1285,'Module 04',NULL,5033),(19010,899,39,'39','',3,NULL,NULL,'LC',1285,'Module 04',NULL,5034),(19011,899,40,'40','',3,NULL,NULL,'LC',1285,'Module 04',NULL,5035),(19012,899,41,'41','',3,NULL,NULL,'LC',1285,'Module 04',NULL,5036),(19013,899,42,'42','',3,NULL,NULL,'LC',1285,'Module 04',NULL,5037),(19014,899,43,'43','',3,NULL,NULL,'LC',1285,'Module 04',NULL,5038),(19015,899,44,'44','',3,NULL,NULL,'LC',1285,'Module 04',NULL,5039),(19016,899,45,'45','',3,NULL,NULL,'LC',1285,'Module 04',NULL,5040),(19017,899,46,'46','',3,NULL,NULL,'LC',1285,'Module 04',NULL,5041),(19018,899,47,'47','',3,NULL,NULL,'LC',1285,'Module 04',NULL,5042),(19019,899,48,'48','',3,NULL,NULL,'LC',1285,'Module 04',NULL,5043),(19020,899,37,'37 B','',3,NULL,NULL,'LC',1285,'Module 04',NULL,5044),(19021,899,37,'37 A','',3,NULL,NULL,'LC',1285,'Module 04',NULL,5045),(19022,899,38,'38 B','',3,NULL,NULL,'LC',1285,'Module 04',NULL,5046),(19023,899,38,'38 A','',3,NULL,NULL,'LC',1285,'Module 04',NULL,5047),(19024,899,39,'39 B','',3,NULL,NULL,'LC',1285,'Module 04',NULL,5048),(19025,899,39,'39 A','',3,NULL,NULL,'LC',1285,'Module 04',NULL,5049),(19026,899,40,'40 B','',3,NULL,NULL,'LC',1285,'Module 04',NULL,5050),(19027,899,40,'40 A','',3,NULL,NULL,'LC',1285,'Module 04',NULL,5051),(19028,899,41,'41 B','',3,NULL,NULL,'LC',1285,'Module 04',NULL,5052),(19029,899,41,'41 A','',3,NULL,NULL,'LC',1285,'Module 04',NULL,5053),(19030,899,42,'42 B','',3,NULL,NULL,'LC',1285,'Module 04',NULL,5054),(19031,899,42,'42 A','',3,NULL,NULL,'LC',1285,'Module 04',NULL,5055),(19032,899,43,'43 B','',3,NULL,NULL,'LC',1285,'Module 04',NULL,5056),(19033,899,43,'43 A','',3,NULL,NULL,'LC',1285,'Module 04',NULL,5057),(19034,899,44,'44 B','',3,NULL,NULL,'LC',1285,'Module 04',NULL,5058),(19035,899,44,'44 A','',3,NULL,NULL,'LC',1285,'Module 04',NULL,5059),(19036,899,45,'45 B','',3,NULL,NULL,'LC',1285,'Module 04',NULL,5060),(19037,899,45,'45 A','',3,NULL,NULL,'LC',1285,'Module 04',NULL,5061),(19038,899,46,'46 B','',3,NULL,NULL,'LC',1285,'Module 04',NULL,5062),(19039,899,46,'46 A','',3,NULL,NULL,'LC',1285,'Module 04',NULL,5063),(19040,899,47,'47 B','',3,NULL,NULL,'LC',1285,'Module 04',NULL,5064),(19041,899,47,'47 A','',3,NULL,NULL,'LC',1285,'Module 04',NULL,5065),(19042,899,48,'48 B','',3,NULL,NULL,'LC',1285,'Module 04',NULL,5066),(19043,899,48,'48 A','',3,NULL,NULL,'LC',1285,'Module 04',NULL,5067),(19044,900,1,'01','',1,NULL,NULL,'LC',1252,'Module 1A',NULL,4289),(19045,900,1,'01 B','',1,NULL,NULL,'LC',1252,'Module 1A',NULL,4290),(19046,900,1,'01 A','',1,NULL,NULL,'LC',1252,'Module 1A',NULL,4291),(19047,900,2,'02','',1,NULL,NULL,'LC',1252,'Module 1A',NULL,4292),(19048,900,2,'02 B','',1,NULL,NULL,'LC',1252,'Module 1A',NULL,4293),(19049,900,2,'02 A','',1,NULL,NULL,'LC',1252,'Module 1A',NULL,4294),(19050,900,3,'03','',1,NULL,NULL,'LC',1252,'Module 1A',NULL,4295),(19051,900,3,'03 B','',1,NULL,NULL,'LC',1252,'Module 1A',NULL,4296),(19052,900,3,'03 A','',1,NULL,NULL,'LC',1252,'Module 1A',NULL,4297),(19053,900,4,'04','',1,NULL,NULL,'LC',1252,'Module 1A',NULL,4298),(19054,900,4,'04 B','',1,NULL,NULL,'LC',1252,'Module 1A',NULL,4299),(19055,900,4,'04 A','',1,NULL,NULL,'LC',1252,'Module 1A',NULL,4300),(19056,900,5,'05','',1,NULL,NULL,'LC',1252,'Module 1A',NULL,4301),(19057,900,5,'05 B','',1,NULL,NULL,'LC',1252,'Module 1A',NULL,4302),(19058,900,5,'05 A','',1,NULL,NULL,'LC',1252,'Module 1A',NULL,4303),(19059,900,6,'06','',2,NULL,NULL,'LC',1252,'Module 1A',NULL,4304),(19060,900,6,'06 B','',2,NULL,NULL,'LC',1252,'Module 1A',NULL,4305),(19061,900,6,'06 A','',2,NULL,NULL,'LC',1252,'Module 1A',NULL,4306),(19062,900,7,'07','',1,NULL,NULL,'LC',1253,'Module 1B',NULL,4307),(19063,900,7,'07 B','',1,NULL,NULL,'LC',1253,'Module 1B',NULL,4308),(19064,900,7,'07 A','',1,NULL,NULL,'LC',1253,'Module 1B',NULL,4309),(19065,900,8,'08','',1,NULL,NULL,'LC',1253,'Module 1B',NULL,4310),(19066,900,8,'08 B','',1,NULL,NULL,'LC',1253,'Module 1B',NULL,4311),(19067,900,8,'08 A','',1,NULL,NULL,'LC',1253,'Module 1B',NULL,4312),(19068,900,9,'09','',1,NULL,NULL,'LC',1253,'Module 1B',NULL,4313),(19069,900,9,'09 B','',1,NULL,NULL,'LC',1253,'Module 1B',NULL,4314),(19070,900,9,'09 A','',1,NULL,NULL,'LC',1253,'Module 1B',NULL,4315),(19071,900,10,'10','',1,NULL,NULL,'LC',1253,'Module 1B',NULL,4316),(19072,900,10,'10 B','',1,NULL,NULL,'LC',1253,'Module 1B',NULL,4317),(19073,900,10,'10 A','',1,NULL,NULL,'LC',1253,'Module 1B',NULL,4318),(19074,900,11,'11','',1,NULL,NULL,'LC',1253,'Module 1B',NULL,4319),(19075,900,11,'11 B','',1,NULL,NULL,'LC',1253,'Module 1B',NULL,4320),(19076,900,11,'11 A','',1,NULL,NULL,'LC',1253,'Module 1B',NULL,4321),(19077,900,12,'12','',1,NULL,NULL,'LC',1253,'Module 1B',NULL,4322),(19078,900,12,'12 B','',1,NULL,NULL,'LC',1253,'Module 1B',NULL,4323),(19079,900,12,'12 A','',1,NULL,NULL,'LC',1253,'Module 1B',NULL,4324),(19080,900,13,'13','',3,NULL,NULL,'LC',1254,'Module 1C',NULL,4325),(19081,900,13,'13 B','',3,NULL,NULL,'LC',1254,'Module 1C',NULL,4326),(19082,900,13,'13 A','',3,NULL,NULL,'LC',1254,'Module 1C',NULL,4327),(19083,900,14,'14','',3,NULL,NULL,'LC',1254,'Module 1C',NULL,4328),(19084,900,14,'14 B','',3,NULL,NULL,'LC',1254,'Module 1C',NULL,4329),(19085,900,14,'14 A','',3,NULL,NULL,'LC',1254,'Module 1C',NULL,4330),(19086,900,15,'15','',3,NULL,NULL,'LC',1254,'Module 1C',NULL,4331),(19087,900,15,'15 B','',3,NULL,NULL,'LC',1254,'Module 1C',NULL,4332),(19088,900,15,'15 A','',3,NULL,NULL,'LC',1254,'Module 1C',NULL,4333),(19089,900,16,'16','',3,NULL,NULL,'LC',1254,'Module 1C',NULL,4334),(19090,900,16,'16 B','',3,NULL,NULL,'LC',1254,'Module 1C',NULL,4335),(19091,900,16,'16 A','',3,NULL,NULL,'LC',1254,'Module 1C',NULL,4336),(19092,900,17,'17','',3,NULL,NULL,'LC',1254,'Module 1C',NULL,4337),(19093,900,17,'17 B','',3,NULL,NULL,'LC',1254,'Module 1C',NULL,4338),(19094,900,17,'17 A','',3,NULL,NULL,'LC',1254,'Module 1C',NULL,4339),(19095,900,18,'18','',3,NULL,NULL,'LC',1254,'Module 1C',NULL,4340),(19096,900,18,'18 B','',3,NULL,NULL,'LC',1254,'Module 1C',NULL,4341),(19097,900,18,'18 A','',3,NULL,NULL,'LC',1254,'Module 1C',NULL,4342),(19098,900,19,'19','',3,NULL,NULL,'LC',1255,'Module 1D',NULL,4343),(19099,900,19,'19 B','',3,NULL,NULL,'LC',1255,'Module 1D',NULL,4344),(19100,900,19,'19 A','',3,NULL,NULL,'LC',1255,'Module 1D',NULL,4345),(19101,900,20,'20','',3,NULL,NULL,'LC',1255,'Module 1D',NULL,4346),(19102,900,20,'20 B','',3,NULL,NULL,'LC',1255,'Module 1D',NULL,4347),(19103,900,20,'20 A','',3,NULL,NULL,'LC',1255,'Module 1D',NULL,4348),(19104,900,21,'21','',3,NULL,NULL,'LC',1255,'Module 1D',NULL,4349),(19105,900,21,'21 B','',3,NULL,NULL,'LC',1255,'Module 1D',NULL,4350),(19106,900,21,'21 A','',3,NULL,NULL,'LC',1255,'Module 1D',NULL,4351),(19107,900,22,'22','',3,NULL,NULL,'LC',1255,'Module 1D',NULL,4352),(19108,900,22,'22 B','',3,NULL,NULL,'LC',1255,'Module 1D',NULL,4353),(19109,900,22,'22 A','',3,NULL,NULL,'LC',1255,'Module 1D',NULL,4354),(19110,900,23,'23','',3,NULL,NULL,'LC',1255,'Module 1D',NULL,4355),(19111,900,23,'23 B','',3,NULL,NULL,'LC',1255,'Module 1D',NULL,4356),(19112,900,23,'23 A','',3,NULL,NULL,'LC',1255,'Module 1D',NULL,4357),(19113,900,24,'24','',3,NULL,NULL,'LC',1255,'Module 1D',NULL,4358),(19114,900,24,'24 B','',3,NULL,NULL,'LC',1255,'Module 1D',NULL,4359),(19115,900,24,'24 A','',3,NULL,NULL,'LC',1255,'Module 1D',NULL,4360),(19116,901,1,'01','',1,NULL,NULL,'MPO24',NULL,NULL,NULL,4361),(19117,901,2,'02','',1,NULL,NULL,'MPO12',NULL,NULL,NULL,5068),(19118,902,1,'01','',3,NULL,NULL,'LC',NULL,NULL,NULL,5069),(19119,902,1,'01 B',NULL,3,NULL,NULL,'LC',NULL,NULL,NULL,5070),(19120,902,1,'01 A',NULL,3,NULL,NULL,'LC',NULL,NULL,NULL,5071),(19121,902,2,'02','',3,NULL,NULL,'LC',NULL,NULL,NULL,5072),(19122,902,2,'02 B',NULL,3,NULL,NULL,'LC',NULL,NULL,NULL,5073),(19123,902,2,'02 A',NULL,3,NULL,NULL,'LC',NULL,NULL,NULL,5074),(19124,902,3,'03','',3,NULL,NULL,'LC',NULL,NULL,NULL,5075),(19125,902,3,'03 B',NULL,3,NULL,NULL,'LC',NULL,NULL,NULL,5076),(19126,902,3,'03 A',NULL,3,NULL,NULL,'LC',NULL,NULL,NULL,5077),(19127,902,4,'04','',3,NULL,NULL,'LC',NULL,NULL,NULL,5078),(19128,902,4,'04 B',NULL,3,NULL,NULL,'LC',NULL,NULL,NULL,5079),(19129,902,4,'04 A',NULL,3,NULL,NULL,'LC',NULL,NULL,NULL,5080),(19130,902,5,'05','',3,NULL,NULL,'LC',NULL,NULL,NULL,5081),(19131,902,5,'05 B',NULL,3,NULL,NULL,'LC',NULL,NULL,NULL,5082),(19132,902,5,'05 A',NULL,3,NULL,NULL,'LC',NULL,NULL,NULL,5083),(19133,902,6,'06','',3,NULL,NULL,'LC',NULL,NULL,NULL,5084),(19134,902,6,'06 B',NULL,3,NULL,NULL,'LC',NULL,NULL,NULL,5085),(19135,902,6,'06 A',NULL,3,NULL,NULL,'LC',NULL,NULL,NULL,5086),(19136,902,7,'07','',3,NULL,NULL,'LC',NULL,NULL,NULL,5087),(19137,902,7,'07 B',NULL,3,NULL,NULL,'LC',NULL,NULL,NULL,5088),(19138,902,7,'07 A',NULL,3,NULL,NULL,'LC',NULL,NULL,NULL,5089),(19139,902,8,'08','',3,NULL,NULL,'LC',NULL,NULL,NULL,5090),(19140,902,8,'08 B',NULL,3,NULL,NULL,'LC',NULL,NULL,NULL,5091),(19141,902,8,'08 A',NULL,3,NULL,NULL,'LC',NULL,NULL,NULL,5092),(19142,902,9,'09','',3,NULL,NULL,'LC',NULL,NULL,NULL,5093),(19143,902,9,'09 B',NULL,3,NULL,NULL,'LC',NULL,NULL,NULL,5094),(19144,902,9,'09 A',NULL,3,NULL,NULL,'LC',NULL,NULL,NULL,5095),(19145,902,10,'10','',3,NULL,NULL,'LC',NULL,NULL,NULL,5096),(19146,902,10,'10 B',NULL,3,NULL,NULL,'LC',NULL,NULL,NULL,5097),(19147,902,10,'10 A',NULL,3,NULL,NULL,'LC',NULL,NULL,NULL,5098),(19148,902,11,'11','',3,NULL,NULL,'LC',NULL,NULL,NULL,5099),(19149,902,11,'11 B',NULL,3,NULL,NULL,'LC',NULL,NULL,NULL,5100),(19150,902,11,'11 A',NULL,3,NULL,NULL,'LC',NULL,NULL,NULL,5101),(19151,902,12,'12','',3,NULL,NULL,'LC',NULL,NULL,NULL,5102),(19152,902,12,'12 B',NULL,3,NULL,NULL,'LC',NULL,NULL,NULL,5103),(19153,902,12,'12 A',NULL,3,NULL,NULL,'LC',NULL,NULL,NULL,5104),(19154,902,13,'13','',1,NULL,NULL,'LC',NULL,NULL,NULL,5105),(19155,902,13,'13 B',NULL,1,NULL,NULL,'LC',NULL,NULL,NULL,5106),(19156,902,13,'13 A',NULL,1,NULL,NULL,'LC',NULL,NULL,NULL,5107),(19157,902,14,'14','',1,NULL,NULL,'LC',NULL,NULL,NULL,5108),(19158,902,14,'14 B',NULL,1,NULL,NULL,'LC',NULL,NULL,NULL,5109),(19159,902,14,'14 A',NULL,1,NULL,NULL,'LC',NULL,NULL,NULL,5110),(19160,902,15,'15','',1,NULL,NULL,'LC',NULL,NULL,NULL,5111),(19161,902,15,'15 B',NULL,1,NULL,NULL,'LC',NULL,NULL,NULL,5112),(19162,902,15,'15 A',NULL,1,NULL,NULL,'LC',NULL,NULL,NULL,5113),(19163,902,16,'16','',1,NULL,NULL,'LC',NULL,NULL,NULL,5114),(19164,902,16,'16 B',NULL,1,NULL,NULL,'LC',NULL,NULL,NULL,5115),(19165,902,16,'16 A',NULL,1,NULL,NULL,'LC',NULL,NULL,NULL,5116),(19166,902,17,'17','',1,NULL,NULL,'LC',NULL,NULL,NULL,5117),(19167,902,17,'17 B',NULL,1,NULL,NULL,'LC',NULL,NULL,NULL,5118),(19168,902,17,'17 A',NULL,1,NULL,NULL,'LC',NULL,NULL,NULL,5119),(19169,902,18,'18','',1,NULL,NULL,'LC',NULL,NULL,NULL,5120),(19170,902,18,'18 B',NULL,1,NULL,NULL,'LC',NULL,NULL,NULL,5121),(19171,902,18,'18 A',NULL,1,NULL,NULL,'LC',NULL,NULL,NULL,5122),(19172,902,19,'19','',1,NULL,NULL,'LC',NULL,NULL,NULL,5123),(19173,902,19,'19 B',NULL,1,NULL,NULL,'LC',NULL,NULL,NULL,5124),(19174,902,19,'19 A',NULL,1,NULL,NULL,'LC',NULL,NULL,NULL,5125),(19175,902,20,'20','',1,NULL,NULL,'LC',NULL,NULL,NULL,5126),(19176,902,20,'20 B',NULL,1,NULL,NULL,'LC',NULL,NULL,NULL,5127),(19177,902,20,'20 A',NULL,1,NULL,NULL,'LC',NULL,NULL,NULL,5128),(19178,902,21,'21','',1,NULL,NULL,'LC',NULL,NULL,NULL,5129),(19179,902,21,'21 B',NULL,1,NULL,NULL,'LC',NULL,NULL,NULL,5130),(19180,902,21,'21 A',NULL,1,NULL,NULL,'LC',NULL,NULL,NULL,5131),(19181,902,22,'22','',1,NULL,NULL,'LC',NULL,NULL,NULL,5132),(19182,902,22,'22 B',NULL,1,NULL,NULL,'LC',NULL,NULL,NULL,5133),(19183,902,22,'22 A',NULL,1,NULL,NULL,'LC',NULL,NULL,NULL,5134),(19184,902,23,'23','',1,NULL,NULL,'LC',NULL,NULL,NULL,5135),(19185,902,23,'23 B',NULL,1,NULL,NULL,'LC',NULL,NULL,NULL,5136),(19186,902,23,'23 A',NULL,1,NULL,NULL,'LC',NULL,NULL,NULL,5137),(19187,902,24,'24','',1,NULL,NULL,'LC',NULL,NULL,NULL,5138),(19188,902,24,'24 B',NULL,1,NULL,NULL,'LC',NULL,NULL,NULL,5139),(19189,902,24,'24 A',NULL,1,NULL,NULL,'LC',NULL,NULL,NULL,5140),(19190,903,1,'01','',3,NULL,NULL,'RJ-45',NULL,NULL,NULL,4724),(19191,903,2,'02','',3,NULL,NULL,'RJ-45',NULL,NULL,NULL,4725),(19192,903,3,'03','',3,NULL,NULL,'RJ-45',NULL,NULL,NULL,4726),(19193,903,4,'04','',3,NULL,NULL,'RJ-45',NULL,NULL,NULL,4727),(19194,903,5,'05','',3,NULL,NULL,'RJ-45',NULL,NULL,NULL,4728),(19195,903,6,'06','',3,NULL,NULL,'RJ-45',NULL,NULL,NULL,4729),(19196,903,7,'07','',3,NULL,NULL,'RJ-45',NULL,NULL,NULL,4730),(19197,903,8,'08','',3,NULL,NULL,'RJ-45',NULL,NULL,NULL,4731),(19198,903,9,'09','',3,NULL,NULL,'RJ-45',NULL,NULL,NULL,4732),(19199,903,10,'10','',3,NULL,NULL,'RJ-45',NULL,NULL,NULL,4733),(19200,903,11,'11','',3,NULL,NULL,'RJ-45',NULL,NULL,NULL,4734),(19201,903,12,'12','',3,NULL,NULL,'RJ-45',NULL,NULL,NULL,4735),(19202,903,13,'13','',3,NULL,NULL,'RJ-45',NULL,NULL,NULL,4736),(19203,903,14,'14','',3,NULL,NULL,'RJ-45',NULL,NULL,NULL,4737),(19204,903,15,'15','',3,NULL,NULL,'RJ-45',NULL,NULL,NULL,4738),(19205,903,16,'16','',3,NULL,NULL,'RJ-45',NULL,NULL,NULL,4739),(19206,903,17,'17','',3,NULL,NULL,'RJ-45',NULL,NULL,NULL,4740),(19207,903,18,'18','',3,NULL,NULL,'RJ-45',NULL,NULL,NULL,4741),(19208,903,19,'19','',3,NULL,NULL,'RJ-45',NULL,NULL,NULL,4742),(19209,903,20,'20','',3,NULL,NULL,'RJ-45',NULL,NULL,NULL,4743),(19210,903,21,'21','',3,NULL,NULL,'RJ-45',NULL,NULL,NULL,4744),(19211,903,22,'22','',3,NULL,NULL,'RJ-45',NULL,NULL,NULL,4745),(19212,903,23,'23','',3,NULL,NULL,'RJ-45',NULL,NULL,NULL,4746),(19213,903,24,'24','',3,NULL,NULL,'RJ-45',NULL,NULL,NULL,4747),(19214,904,1,'01','',3,NULL,NULL,'MPO',1272,'Module 1A',NULL,4748),(19215,904,2,'02','',3,NULL,NULL,'MPO',1272,'Module 1A',NULL,4749),(19216,904,3,'03','',3,NULL,NULL,'MPO',1272,'Module 1A',NULL,4750),(19217,904,4,'04','',3,NULL,NULL,'MPO',1272,'Module 1A',NULL,4751),(19218,904,5,'05','',3,NULL,NULL,'MPO',1272,'Module 1A',NULL,4752),(19219,904,6,'06','',3,NULL,NULL,'MPO',1272,'Module 1A',NULL,4753),(19220,904,7,'07','',3,NULL,NULL,'MPO',1272,'Module 1A',NULL,4754),(19221,904,8,'08','',3,NULL,NULL,'MPO',1272,'Module 1A',NULL,4755),(19222,904,1,'01','',3,NULL,NULL,'MPO',1273,'Module 1B',NULL,4756),(19223,904,2,'02','',3,NULL,NULL,'MPO',1273,'Module 1B',NULL,4757),(19224,904,3,'03','',3,NULL,NULL,'MPO',1273,'Module 1B',NULL,4758),(19225,904,4,'04','',3,NULL,NULL,'MPO',1273,'Module 1B',NULL,4759),(19226,904,5,'05','',3,NULL,NULL,'MPO',1273,'Module 1B',NULL,4760),(19227,904,6,'06','',3,NULL,NULL,'MPO',1273,'Module 1B',NULL,4761),(19228,904,7,'07','',3,NULL,NULL,'MPO',1273,'Module 1B',NULL,4762),(19229,904,8,'08','',3,NULL,NULL,'MPO',1273,'Module 1B',NULL,4763),(19230,904,1,'01','',3,NULL,NULL,'MPO',1274,'Module 1C',NULL,4764),(19231,904,2,'02','',3,NULL,NULL,'MPO',1274,'Module 1C',NULL,4765),(19232,904,3,'03','',3,NULL,NULL,'MPO',1274,'Module 1C',NULL,4766),(19233,904,4,'04','',3,NULL,NULL,'MPO',1274,'Module 1C',NULL,4767),(19234,904,5,'05','',3,NULL,NULL,'MPO',1274,'Module 1C',NULL,4768),(19235,904,6,'06','',3,NULL,NULL,'MPO',1274,'Module 1C',NULL,4769),(19236,904,7,'07','',3,NULL,NULL,'MPO',1274,'Module 1C',NULL,4770),(19237,904,8,'08','',3,NULL,NULL,'MPO',1274,'Module 1C',NULL,4771),(19238,904,1,'01','',3,NULL,NULL,'MPO',1275,'Module 1D',NULL,4772),(19239,904,2,'02','',3,NULL,NULL,'MPO',1275,'Module 1D',NULL,4773),(19240,904,3,'03','',3,NULL,NULL,'MPO',1275,'Module 1D',NULL,4774),(19241,904,4,'04','',3,NULL,NULL,'MPO',1275,'Module 1D',NULL,4775),(19242,904,5,'05','',3,NULL,NULL,'MPO',1275,'Module 1D',NULL,4776),(19243,904,6,'06','',3,NULL,NULL,'MPO',1275,'Module 1D',NULL,4777),(19244,904,7,'07','',3,NULL,NULL,'MPO',1275,'Module 1D',NULL,4778),(19245,904,8,'08','',3,NULL,NULL,'MPO',1275,'Module 1D',NULL,4779),(19246,905,1,'01','',3,NULL,NULL,'LC',1277,'Module 1A',NULL,4780),(19247,905,2,'02','',3,NULL,NULL,'LC',1277,'Module 1A',NULL,4781),(19248,905,3,'03','',3,NULL,NULL,'LC',1277,'Module 1A',NULL,4782),(19249,905,4,'04','',3,NULL,NULL,'LC',1277,'Module 1A',NULL,4783),(19250,905,5,'05','',3,NULL,NULL,'LC',1277,'Module 1A',NULL,4784),(19251,905,6,'06','',3,NULL,NULL,'LC',1277,'Module 1A',NULL,4785),(19252,905,7,'07','',3,NULL,NULL,'LC',1277,'Module 1A',NULL,4786),(19253,905,8,'08','',3,NULL,NULL,'LC',1277,'Module 1A',NULL,4787),(19254,905,9,'09','',3,NULL,NULL,'LC',1277,'Module 1A',NULL,4788),(19255,905,10,'10','',3,NULL,NULL,'LC',1277,'Module 1A',NULL,4789),(19256,905,11,'11','',3,NULL,NULL,'LC',1277,'Module 1A',NULL,4790),(19257,905,12,'12','',3,NULL,NULL,'LC',1277,'Module 1A',NULL,4791),(19258,905,1,'01 B','',3,NULL,NULL,'LC',1277,'Module 1A',NULL,4792),(19259,905,1,'01 A','',3,NULL,NULL,'LC',1277,'Module 1A',NULL,4793),(19260,905,2,'02 B','',3,NULL,NULL,'LC',1277,'Module 1A',NULL,4794),(19261,905,2,'02 A','',3,NULL,NULL,'LC',1277,'Module 1A',NULL,4795),(19262,905,3,'03 B','',3,NULL,NULL,'LC',1277,'Module 1A',NULL,4796),(19263,905,3,'03 A','',3,NULL,NULL,'LC',1277,'Module 1A',NULL,4797),(19264,905,4,'04 B','',3,NULL,NULL,'LC',1277,'Module 1A',NULL,4798),(19265,905,4,'04 A','',3,NULL,NULL,'LC',1277,'Module 1A',NULL,4799),(19266,905,5,'05 B','',3,NULL,NULL,'LC',1277,'Module 1A',NULL,4800),(19267,905,5,'05 A','',3,NULL,NULL,'LC',1277,'Module 1A',NULL,4801),(19268,905,6,'06 B','',3,NULL,NULL,'LC',1277,'Module 1A',NULL,4802),(19269,905,6,'06 A','',3,NULL,NULL,'LC',1277,'Module 1A',NULL,4803),(19270,905,7,'07 B','',3,NULL,NULL,'LC',1277,'Module 1A',NULL,4804),(19271,905,7,'07 A','',3,NULL,NULL,'LC',1277,'Module 1A',NULL,4805),(19272,905,8,'08 B','',3,NULL,NULL,'LC',1277,'Module 1A',NULL,4806),(19273,905,8,'08 A','',3,NULL,NULL,'LC',1277,'Module 1A',NULL,4807),(19274,905,9,'09 B','',3,NULL,NULL,'LC',1277,'Module 1A',NULL,4808),(19275,905,9,'09 A','',3,NULL,NULL,'LC',1277,'Module 1A',NULL,4809),(19276,905,10,'10 B','',3,NULL,NULL,'LC',1277,'Module 1A',NULL,4810),(19277,905,10,'10 A','',3,NULL,NULL,'LC',1277,'Module 1A',NULL,4811),(19278,905,11,'11 B','',3,NULL,NULL,'LC',1277,'Module 1A',NULL,4812),(19279,905,11,'11 A','',3,NULL,NULL,'LC',1277,'Module 1A',NULL,4813),(19280,905,12,'12 B','',3,NULL,NULL,'LC',1277,'Module 1A',NULL,4814),(19281,905,12,'12 A','',3,NULL,NULL,'LC',1277,'Module 1A',NULL,4815),(19282,905,1,'01','',3,NULL,NULL,'LC',1278,'Module 1B',NULL,4816),(19283,905,2,'02','',3,NULL,NULL,'LC',1278,'Module 1B',NULL,4817),(19284,905,3,'03','',3,NULL,NULL,'LC',1278,'Module 1B',NULL,4818),(19285,905,4,'04','',3,NULL,NULL,'LC',1278,'Module 1B',NULL,4819),(19286,905,5,'05','',3,NULL,NULL,'LC',1278,'Module 1B',NULL,4820),(19287,905,6,'06','',3,NULL,NULL,'LC',1278,'Module 1B',NULL,4821),(19288,905,7,'07','',3,NULL,NULL,'LC',1278,'Module 1B',NULL,4822),(19289,905,8,'08','',3,NULL,NULL,'LC',1278,'Module 1B',NULL,4823),(19290,905,9,'09','',3,NULL,NULL,'LC',1278,'Module 1B',NULL,4824),(19291,905,10,'10','',3,NULL,NULL,'LC',1278,'Module 1B',NULL,4825),(19292,905,11,'11','',3,NULL,NULL,'LC',1278,'Module 1B',NULL,4826),(19293,905,12,'12','',3,NULL,NULL,'LC',1278,'Module 1B',NULL,4827),(19294,905,1,'01 B','',3,NULL,NULL,'LC',1278,'Module 1B',NULL,4828),(19295,905,1,'01 A','',3,NULL,NULL,'LC',1278,'Module 1B',NULL,4829),(19296,905,2,'02 B','',3,NULL,NULL,'LC',1278,'Module 1B',NULL,4830),(19297,905,2,'02 A','',3,NULL,NULL,'LC',1278,'Module 1B',NULL,4831),(19298,905,3,'03 B','',3,NULL,NULL,'LC',1278,'Module 1B',NULL,4832),(19299,905,3,'03 A','',3,NULL,NULL,'LC',1278,'Module 1B',NULL,4833),(19300,905,4,'04 B','',3,NULL,NULL,'LC',1278,'Module 1B',NULL,4834),(19301,905,4,'04 A','',3,NULL,NULL,'LC',1278,'Module 1B',NULL,4835),(19302,905,5,'05 B','',3,NULL,NULL,'LC',1278,'Module 1B',NULL,4836),(19303,905,5,'05 A','',3,NULL,NULL,'LC',1278,'Module 1B',NULL,4837),(19304,905,6,'06 B','',3,NULL,NULL,'LC',1278,'Module 1B',NULL,4838),(19305,905,6,'06 A','',3,NULL,NULL,'LC',1278,'Module 1B',NULL,4839),(19306,905,7,'07 B','',3,NULL,NULL,'LC',1278,'Module 1B',NULL,4840),(19307,905,7,'07 A','',3,NULL,NULL,'LC',1278,'Module 1B',NULL,4841),(19308,905,8,'08 B','',3,NULL,NULL,'LC',1278,'Module 1B',NULL,4842),(19309,905,8,'08 A','',3,NULL,NULL,'LC',1278,'Module 1B',NULL,4843),(19310,905,9,'09 B','',3,NULL,NULL,'LC',1278,'Module 1B',NULL,4844),(19311,905,9,'09 A','',3,NULL,NULL,'LC',1278,'Module 1B',NULL,4845),(19312,905,10,'10 B','',3,NULL,NULL,'LC',1278,'Module 1B',NULL,4846),(19313,905,10,'10 A','',3,NULL,NULL,'LC',1278,'Module 1B',NULL,4847),(19314,905,11,'11 B','',3,NULL,NULL,'LC',1278,'Module 1B',NULL,4848),(19315,905,11,'11 A','',3,NULL,NULL,'LC',1278,'Module 1B',NULL,4849),(19316,905,12,'12 B','',3,NULL,NULL,'LC',1278,'Module 1B',NULL,4850),(19317,905,12,'12 A','',3,NULL,NULL,'LC',1278,'Module 1B',NULL,4851),(19318,906,1,'Port 01','',3,NULL,NULL,'RJ-45',NULL,NULL,NULL,4723);
/*!40000 ALTER TABLE `equipament_ports` ENABLE KEYS */;
UNLOCK TABLES;

--
-- Table structure for table `floor`
--

DROP TABLE IF EXISTS `floor`;
/*!40101 SET @saved_cs_client     = @@character_set_client */;
/*!40101 SET character_set_client = utf8 */;
CREATE TABLE `floor` (
  `id_floor` int(11) NOT NULL AUTO_INCREMENT,
  `id_building` int(11) NOT NULL,
  `number` int(11) NOT NULL,
  `name` varchar(150) NOT NULL,
  `description` text,
  `id_floor_by_api` int(11) DEFAULT NULL,
  PRIMARY KEY (`id_floor`),
  KEY `fk_building_id_building_idx` (`id_building`),
  CONSTRAINT `fk_floor_building_id_building` FOREIGN KEY (`id_building`) REFERENCES `building` (`id_building`) ON DELETE CASCADE ON UPDATE CASCADE
) ENGINE=InnoDB AUTO_INCREMENT=10 DEFAULT CHARSET=utf8;
/*!40101 SET character_set_client = @saved_cs_client */;

--
-- Dumping data for table `floor`
--

LOCK TABLES `floor` WRITE;
/*!40000 ALTER TABLE `floor` DISABLE KEYS */;
INSERT INTO `floor` VALUES (8,14,1,'Floor 01','',3),(9,15,1,'Floor 01','',1235);
/*!40000 ALTER TABLE `floor` ENABLE KEYS */;
UNLOCK TABLES;

--
-- Table structure for table `group_connection`
--

DROP TABLE IF EXISTS `group_connection`;
/*!40101 SET @saved_cs_client     = @@character_set_client */;
/*!40101 SET character_set_client = utf8 */;
CREATE TABLE `group_connection` (
  `id_group_connection` int(11) NOT NULL AUTO_INCREMENT,
  `name` varchar(100) NOT NULL,
  PRIMARY KEY (`id_group_connection`)
) ENGINE=InnoDB DEFAULT CHARSET=utf8;
/*!40101 SET character_set_client = @saved_cs_client */;

--
-- Dumping data for table `group_connection`
--

LOCK TABLES `group_connection` WRITE;
/*!40000 ALTER TABLE `group_connection` DISABLE KEYS */;
/*!40000 ALTER TABLE `group_connection` ENABLE KEYS */;
UNLOCK TABLES;

--
-- Table structure for table `group_rack`
--

DROP TABLE IF EXISTS `group_rack`;
/*!40101 SET @saved_cs_client     = @@character_set_client */;
/*!40101 SET character_set_client = utf8 */;
CREATE TABLE `group_rack` (
  `id_group_rack` int(11) NOT NULL AUTO_INCREMENT,
  `id_room` int(11) NOT NULL,
  `name` varchar(150) NOT NULL,
  `description` text,
  `id_group_rack_by_api` int(11) DEFAULT NULL,
  PRIMARY KEY (`id_group_rack`),
  KEY `fk_group_rack_room_id_room_idx` (`id_room`),
  CONSTRAINT `fk_group_rack_room_id_room` FOREIGN KEY (`id_room`) REFERENCES `room` (`id_room`) ON DELETE CASCADE ON UPDATE CASCADE
) ENGINE=InnoDB DEFAULT CHARSET=utf8;
/*!40101 SET character_set_client = @saved_cs_client */;

--
-- Dumping data for table `group_rack`
--

LOCK TABLES `group_rack` WRITE;
/*!40000 ALTER TABLE `group_rack` DISABLE KEYS */;
/*!40000 ALTER TABLE `group_rack` ENABLE KEYS */;
UNLOCK TABLES;

--
-- Table structure for table `group_rack_connection`
--

DROP TABLE IF EXISTS `group_rack_connection`;
/*!40101 SET @saved_cs_client     = @@character_set_client */;
/*!40101 SET character_set_client = utf8 */;
CREATE TABLE `group_rack_connection` (
  `id_rack` int(11) NOT NULL,
  `id_group_connection` int(11) NOT NULL,
  PRIMARY KEY (`id_rack`,`id_group_connection`),
  KEY `fk_group_rack_connection_group_connection_id_group_connecit_idx` (`id_group_connection`),
  CONSTRAINT `fk_group_rack_connection_group_connection_id_group_conneciton` FOREIGN KEY (`id_group_connection`) REFERENCES `group_connection` (`id_group_connection`) ON DELETE CASCADE ON UPDATE CASCADE,
  CONSTRAINT `fk_group_rack_connection_rack_id_rack` FOREIGN KEY (`id_rack`) REFERENCES `rack` (`id_rack`) ON DELETE CASCADE ON UPDATE CASCADE
) ENGINE=InnoDB DEFAULT CHARSET=utf8;
/*!40101 SET character_set_client = @saved_cs_client */;

--
-- Dumping data for table `group_rack_connection`
--

LOCK TABLES `group_rack_connection` WRITE;
/*!40000 ALTER TABLE `group_rack_connection` DISABLE KEYS */;
/*!40000 ALTER TABLE `group_rack_connection` ENABLE KEYS */;
UNLOCK TABLES;

--
-- Temporary table structure for view `ports_details`
--

DROP TABLE IF EXISTS `ports_details`;
/*!50001 DROP VIEW IF EXISTS `ports_details`*/;
SET @saved_cs_client     = @@character_set_client;
SET character_set_client = utf8;
/*!50001 CREATE VIEW `ports_details` AS SELECT
 1 AS `name_room`,
 1 AS `id_room`,
 1 AS `name_rack`,
 1 AS `id_rack`,
 1 AS `zone`,
 1 AS `name_equipament`,
 1 AS `id_equipament`,
 1 AS `resource_type_name`,
 1 AS `name_port`,
 1 AS `id_equipament_port`,
 1 AS `position`,
 1 AS `type`,
 1 AS `velocity`,
 1 AS `service`,
 1 AS `status`*/;
SET character_set_client = @saved_cs_client;

--
-- Temporary table structure for view `ports_rack`
--

DROP TABLE IF EXISTS `ports_rack`;
/*!50001 DROP VIEW IF EXISTS `ports_rack`*/;
SET @saved_cs_client     = @@character_set_client;
SET character_set_client = utf8;
/*!50001 CREATE VIEW `ports_rack` AS SELECT
 1 AS `id_rack`,
 1 AS `resource_type_name`,
 1 AS `id_equipament_port`,
 1 AS `name`,
 1 AS `position`,
 1 AS `velocity`,
 1 AS `service`,
 1 AS `type`,
 1 AS `status`*/;
SET character_set_client = @saved_cs_client;

--
-- Table structure for table `ports_server_simulation`
--

DROP TABLE IF EXISTS `ports_server_simulation`;
/*!40101 SET @saved_cs_client     = @@character_set_client */;
/*!40101 SET character_set_client = utf8 */;
CREATE TABLE `ports_server_simulation` (
  `id_ports_server_simulation` int(11) NOT NULL AUTO_INCREMENT,
  `type` int(11) DEFAULT NULL COMMENT '1 - Cobre\n2 - Fibra',
  `velocity` varchar(45) DEFAULT NULL,
  `vlan` varchar(45) DEFAULT NULL,
  `id_server_simulation` int(11) DEFAULT NULL,
  PRIMARY KEY (`id_ports_server_simulation`),
  KEY `fk_ports_server_simulation_id_server_simulation_idx` (`id_server_simulation`),
  CONSTRAINT `fk_ports_server_simulation_id_server_simulation` FOREIGN KEY (`id_server_simulation`) REFERENCES `server_simulation` (`id_server_simulation`) ON DELETE CASCADE ON UPDATE CASCADE
) ENGINE=InnoDB AUTO_INCREMENT=300 DEFAULT CHARSET=utf8;
/*!40101 SET character_set_client = @saved_cs_client */;

--
-- Dumping data for table `ports_server_simulation`
--

LOCK TABLES `ports_server_simulation` WRITE;
/*!40000 ALTER TABLE `ports_server_simulation` DISABLE KEYS */;
INSERT INTO `ports_server_simulation` VALUES (288,1,NULL,NULL,32),(289,1,NULL,NULL,32),(290,2,NULL,NULL,32),(291,1,NULL,NULL,35),(292,1,NULL,NULL,35),(295,1,NULL,NULL,24),(298,1,NULL,NULL,36),(299,1,NULL,NULL,33);
/*!40000 ALTER TABLE `ports_server_simulation` ENABLE KEYS */;
UNLOCK TABLES;

--
-- Table structure for table `rack`
--

DROP TABLE IF EXISTS `rack`;
/*!40101 SET @saved_cs_client     = @@character_set_client */;
/*!40101 SET character_set_client = utf8 */;
CREATE TABLE `rack` (
  `id_rack` int(11) NOT NULL AUTO_INCREMENT,
  `id_room` int(11) NOT NULL,
  `id_group_rack` int(11) DEFAULT NULL,
  `name` varchar(150) NOT NULL,
  `zone` int(11) NOT NULL COMMENT 'Identifica a fileira onde está instalado o rack',
  `position_zone` int(11) NOT NULL COMMENT 'Identifica a posição da fileira onde está instalado o rack',
  `total_ru` int(11) NOT NULL,
  `potency_watts_limit` double DEFAULT NULL,
  `electrical_sockets_limit` int(11) DEFAULT NULL,
  `description` text,
  `id_rack_by_api` int(11) DEFAULT NULL,
  `participate_calculation` tinyint(4) NOT NULL DEFAULT '1',
  `created_date` datetime DEFAULT NULL,
  PRIMARY KEY (`id_rack`),
  KEY `fk_rack_room_id_room_idx` (`id_room`),
  KEY `fk_rack_group_rack_id_group_rack_idx` (`id_group_rack`),
  CONSTRAINT `fk_rack_group_rack_id_group_rack` FOREIGN KEY (`id_group_rack`) REFERENCES `group_rack` (`id_group_rack`) ON DELETE CASCADE ON UPDATE CASCADE,
  CONSTRAINT `fk_rack_room_id_room` FOREIGN KEY (`id_room`) REFERENCES `room` (`id_room`) ON DELETE CASCADE ON UPDATE CASCADE
) ENGINE=InnoDB AUTO_INCREMENT=91 DEFAULT CHARSET=utf8;
/*!40101 SET character_set_client = @saved_cs_client */;

--
-- Dumping data for table `rack`
--

LOCK TABLES `rack` WRITE;
/*!40000 ALTER TABLE `rack` DISABLE KEYS */;
INSERT INTO `rack` VALUES (76,8,NULL,'A-01',1,1,45,3000,30,'',6,1,'2018-08-02 15:48:23'),(77,8,NULL,'A-02',1,2,45,3000,20,'',7,1,'2018-08-02 15:48:35'),(78,8,NULL,'A-03',1,3,45,3100,40,'',8,1,'2018-08-02 15:48:36'),(79,8,NULL,'A-04',1,4,45,3000,25,'',9,1,'2018-08-02 15:48:36'),(80,8,NULL,'B-01',2,1,45,3500,36,'',13,1,'2018-08-02 15:51:11'),(81,8,NULL,'B-02',2,2,45,3000,30,'',14,1,'2018-08-02 15:51:25'),(82,8,NULL,'B-03',2,3,45,3000,22,'',15,1,'2018-08-02 15:51:29'),(83,8,NULL,'B-04',2,4,45,3000,20,'',16,1,'2018-08-02 15:51:33'),(84,8,NULL,'IDF - 01',3,1,45,3000,20,'',18,1,'2018-08-02 15:53:14'),(85,8,NULL,'IDF - 02',3,2,45,3000,20,'',19,1,'2018-08-02 15:53:24'),(86,9,NULL,'Rack 001',1,1,45,3000,20,'',1237,1,'2018-09-26 15:36:57'),(87,9,NULL,'Rack 002',1,2,45,3000,20,'',1238,1,'2018-09-26 15:37:03'),(88,9,NULL,'Cabinet 003',1,3,42,3000,20,'',1239,1,'2018-09-26 15:37:09'),(89,9,NULL,'Cabinet 004',1,4,42,3000,20,'',1240,1,'2018-09-26 15:37:16'),(90,9,NULL,'Cabinet 005',1,5,42,3000,20,'',1268,1,'2018-09-26 16:20:27');
/*!40000 ALTER TABLE `rack` ENABLE KEYS */;
UNLOCK TABLES;

--
-- Temporary table structure for view `racks_details`
--

DROP TABLE IF EXISTS `racks_details`;
/*!50001 DROP VIEW IF EXISTS `racks_details`*/;
SET @saved_cs_client     = @@character_set_client;
SET character_set_client = utf8;
/*!50001 CREATE VIEW `racks_details` AS SELECT
 1 AS `id_user`,
 1 AS `id_server`,
 1 AS `id_company`,
 1 AS `id_building`,
 1 AS `name_building`,
 1 AS `id_floor`,
 1 AS `id_room`,
 1 AS `id_rack`,
 1 AS `name_rack`,
 1 AS `local_installation`,
 1 AS `zone`,
 1 AS `position_zone`,
 1 AS `total_ru`,
 1 AS `participate_calculation`,
 1 AS `potency_watts_limit`,
 1 AS `electrical_sockets_limit`,
 1 AS `ru_usage`,
 1 AS `potency_watts_usage`,
 1 AS `electrical_sockets_usage`,
 1 AS `qtd_ports_copper_available`,
 1 AS `qtd_ports_copper_used`,
 1 AS `qtd_ports_fiber_available`,
 1 AS `qtd_ports_fiber_used`,
 1 AS `qtd_ports_switch_available`,
 1 AS `qtd_ports_switch_used`,
 1 AS `qtd_ports_switch_copper_available`,
 1 AS `qtd_ports_switch_fiber_available`,
 1 AS `ports_switch_available`,
 1 AS `ports_switch_available_connection`*/;
SET character_set_client = @saved_cs_client;

--
-- Temporary table structure for view `racks_ports_copper`
--

DROP TABLE IF EXISTS `racks_ports_copper`;
/*!50001 DROP VIEW IF EXISTS `racks_ports_copper`*/;
SET @saved_cs_client     = @@character_set_client;
SET character_set_client = utf8;
/*!50001 CREATE VIEW `racks_ports_copper` AS SELECT
 1 AS `id_rack`,
 1 AS `qtd_ports_copper_available`,
 1 AS `qtd_ports_copper_used`*/;
SET character_set_client = @saved_cs_client;

--
-- Temporary table structure for view `racks_ports_switch_connect`
--

DROP TABLE IF EXISTS `racks_ports_switch_connect`;
/*!50001 DROP VIEW IF EXISTS `racks_ports_switch_connect`*/;
SET @saved_cs_client     = @@character_set_client;
SET character_set_client = utf8;
/*!50001 CREATE VIEW `racks_ports_switch_connect` AS SELECT
 1 AS `id_rack`,
 1 AS `ports_switch_available_connection`*/;
SET character_set_client = @saved_cs_client;

--
-- Temporary table structure for view `racks_ports_switch_connect_zone`
--

DROP TABLE IF EXISTS `racks_ports_switch_connect_zone`;
/*!50001 DROP VIEW IF EXISTS `racks_ports_switch_connect_zone`*/;
SET @saved_cs_client     = @@character_set_client;
SET character_set_client = utf8;
/*!50001 CREATE VIEW `racks_ports_switch_connect_zone` AS SELECT
 1 AS `id_rack`,
 1 AS `ports_switch_available_connection`*/;
SET character_set_client = @saved_cs_client;

--
-- Table structure for table `room`
--

DROP TABLE IF EXISTS `room`;
/*!40101 SET @saved_cs_client     = @@character_set_client */;
/*!40101 SET character_set_client = utf8 */;
CREATE TABLE `room` (
  `id_room` int(11) NOT NULL AUTO_INCREMENT,
  `id_floor` int(11) NOT NULL,
  `name` varchar(150) NOT NULL,
  `description` text,
  `id_room_by_api` int(11) DEFAULT NULL,
  PRIMARY KEY (`id_room`),
  KEY `fk_room_floor_id_floor_idx` (`id_floor`),
  CONSTRAINT `fk_room_floor_id_floor` FOREIGN KEY (`id_floor`) REFERENCES `floor` (`id_floor`) ON DELETE CASCADE ON UPDATE CASCADE
) ENGINE=InnoDB AUTO_INCREMENT=10 DEFAULT CHARSET=utf8;
/*!40101 SET character_set_client = @saved_cs_client */;

--
-- Dumping data for table `room`
--

LOCK TABLES `room` WRITE;
/*!40000 ALTER TABLE `room` DISABLE KEYS */;
INSERT INTO `room` VALUES (8,8,'Room 01','',4),(9,9,'Room 01','',1236);
/*!40000 ALTER TABLE `room` ENABLE KEYS */;
UNLOCK TABLES;

--
-- Table structure for table `server`
--

DROP TABLE IF EXISTS `server`;
/*!40101 SET @saved_cs_client     = @@character_set_client */;
/*!40101 SET character_set_client = utf8 */;
CREATE TABLE `server` (
  `id_server` int(11) NOT NULL AUTO_INCREMENT,
  `name` varchar(150) NOT NULL,
  `url` varchar(250) NOT NULL,
  `last_update_date` datetime DEFAULT NULL,
  `ip_database` varchar(100) DEFAULT NULL,
  `user_database` varchar(100) DEFAULT NULL,
  `password_database` varchar(100) DEFAULT NULL,
  `api_imvision` varchar(200) DEFAULT NULL,
  `user_api` varchar(45) DEFAULT NULL,
  `password_api` varchar(45) DEFAULT NULL,
  `off_air` tinyint(4) NOT NULL DEFAULT '0',
  PRIMARY KEY (`id_server`)
) ENGINE=InnoDB AUTO_INCREMENT=4 DEFAULT CHARSET=utf8;
/*!40101 SET character_set_client = @saved_cs_client */;

--
-- Dumping data for table `server`
--

LOCK TABLES `server` WRITE;
/*!40000 ALTER TABLE `server` DISABLE KEYS */;
INSERT INTO `server` VALUES (1,'Server Imvision','http://imvisionapi.com/','2018-10-06 12:14:41','imvision.ddns.net','sa','Ce55bb..','http://imvision.ddns.net:440/imVisionAPI/api/','admin','Admin1',1);
/*!40000 ALTER TABLE `server` ENABLE KEYS */;
UNLOCK TABLES;

--
-- Table structure for table `server_simulation`
--

DROP TABLE IF EXISTS `server_simulation`;
/*!40101 SET @saved_cs_client     = @@character_set_client */;
/*!40101 SET character_set_client = utf8 */;
CREATE TABLE `server_simulation` (
  `id_server_simulation` int(11) NOT NULL AUTO_INCREMENT,
  `name` varchar(100) NOT NULL,
  `us` int(11) DEFAULT NULL,
  `ports_fiber` int(11) DEFAULT NULL,
  `ports_copper` int(11) DEFAULT NULL,
  `potency_watts` double DEFAULT NULL,
  `electrical_sockets` int(11) DEFAULT NULL,
  PRIMARY KEY (`id_server_simulation`)
) ENGINE=InnoDB AUTO_INCREMENT=37 DEFAULT CHARSET=utf8;
/*!40101 SET character_set_client = @saved_cs_client */;

--
-- Dumping data for table `server_simulation`
--

LOCK TABLES `server_simulation` WRITE;
/*!40000 ALTER TABLE `server_simulation` DISABLE KEYS */;
INSERT INTO `server_simulation` VALUES (24,'Server 2 TS Inova',2,1,0,100,2),(32,'Server 1 Thyago',2,2,1,200,2),(33,'Teste',1,1,0,50,2),(35,'kk',1,2,0,100,2),(36,'Rack de teste',1,1,0,100,2);
/*!40000 ALTER TABLE `server_simulation` ENABLE KEYS */;
UNLOCK TABLES;

--
-- Table structure for table `server_user`
--

DROP TABLE IF EXISTS `server_user`;
/*!40101 SET @saved_cs_client     = @@character_set_client */;
/*!40101 SET character_set_client = utf8 */;
CREATE TABLE `server_user` (
  `id_server` int(11) NOT NULL,
  `id_user` int(11) NOT NULL,
  PRIMARY KEY (`id_server`,`id_user`),
  KEY `fk_server_user_id_user_user_id_server_idx` (`id_user`),
  CONSTRAINT `fk_server_user_id_server_server_id_server` FOREIGN KEY (`id_server`) REFERENCES `server` (`id_server`) ON DELETE CASCADE ON UPDATE CASCADE,
  CONSTRAINT `fk_server_user_id_user_user_id_server` FOREIGN KEY (`id_user`) REFERENCES `user` (`id_user`) ON DELETE CASCADE ON UPDATE CASCADE
) ENGINE=InnoDB DEFAULT CHARSET=utf8;
/*!40101 SET character_set_client = @saved_cs_client */;

--
-- Dumping data for table `server_user`
--

LOCK TABLES `server_user` WRITE;
/*!40000 ALTER TABLE `server_user` DISABLE KEYS */;
INSERT INTO `server_user` VALUES (1,1);
/*!40000 ALTER TABLE `server_user` ENABLE KEYS */;
UNLOCK TABLES;

--
-- Table structure for table `update_server_log`
--

DROP TABLE IF EXISTS `update_server_log`;
/*!40101 SET @saved_cs_client     = @@character_set_client */;
/*!40101 SET character_set_client = utf8 */;
CREATE TABLE `update_server_log` (
  `id_update_server_log` int(11) NOT NULL AUTO_INCREMENT,
  `id_server` int(11) NOT NULL,
  `date_update` datetime NOT NULL,
  `message` text NOT NULL,
  PRIMARY KEY (`id_update_server_log`),
  KEY `fk_update_server_log_id_server_server_id_server` (`id_server`),
  CONSTRAINT `fk_update_server_log_id_server_server_id_server` FOREIGN KEY (`id_server`) REFERENCES `server` (`id_server`) ON DELETE CASCADE ON UPDATE CASCADE
) ENGINE=InnoDB DEFAULT CHARSET=utf8;
/*!40101 SET character_set_client = @saved_cs_client */;

--
-- Dumping data for table `update_server_log`
--

LOCK TABLES `update_server_log` WRITE;
/*!40000 ALTER TABLE `update_server_log` DISABLE KEYS */;
/*!40000 ALTER TABLE `update_server_log` ENABLE KEYS */;
UNLOCK TABLES;

--
-- Table structure for table `user`
--

DROP TABLE IF EXISTS `user`;
/*!40101 SET @saved_cs_client     = @@character_set_client */;
/*!40101 SET character_set_client = utf8 */;
CREATE TABLE `user` (
  `id_user` int(11) NOT NULL AUTO_INCREMENT,
  `name` varchar(150) NOT NULL,
  `email` varchar(150) NOT NULL,
  `password` varchar(200) NOT NULL,
  PRIMARY KEY (`id_user`)
) ENGINE=InnoDB AUTO_INCREMENT=14 DEFAULT CHARSET=utf8;
/*!40101 SET character_set_client = @saved_cs_client */;

--
-- Dumping data for table `user`
--

LOCK TABLES `user` WRITE;
/*!40000 ALTER TABLE `user` DISABLE KEYS */;
INSERT INTO `user` VALUES (1,'Leonardo Barbosa','leobar1995@gmail.com','202cb962ac59075b964b07152d234b70'),(13,'Administrador','admin@gmail.com','202cb962ac59075b964b07152d234b70');
/*!40000 ALTER TABLE `user` ENABLE KEYS */;
UNLOCK TABLES;

--
-- Temporary table structure for view `zone_ports_used`
--

DROP TABLE IF EXISTS `zone_ports_used`;
/*!50001 DROP VIEW IF EXISTS `zone_ports_used`*/;
SET @saved_cs_client     = @@character_set_client;
SET character_set_client = utf8;
/*!50001 CREATE VIEW `zone_ports_used` AS SELECT
 1 AS `id_room`,
 1 AS `zone`,
 1 AS `qtd_ports_fiber_available`,
 1 AS `qtd_ports_fiber_used`,
 1 AS `qtd_ports_switch_available`,
 1 AS `qtd_ports_switch_used`,
 1 AS `qtd_ports_switch_copper_available`,
 1 AS `qtd_ports_switch_fiber_available`,
 1 AS `ports_switch_available`*/;
SET character_set_client = @saved_cs_client;

--
-- Final view structure for view `building_details`
--

/*!50001 DROP VIEW IF EXISTS `building_details`*/;
/*!50001 SET @saved_cs_client          = @@character_set_client */;
/*!50001 SET @saved_cs_results         = @@character_set_results */;
/*!50001 SET @saved_col_connection     = @@collation_connection */;
/*!50001 SET character_set_client      = utf8 */;
/*!50001 SET character_set_results     = utf8 */;
/*!50001 SET collation_connection      = utf8_general_ci */;
/*!50001 CREATE ALGORITHM=UNDEFINED */
/*!50013 DEFINER=`root`@`localhost` SQL SECURITY DEFINER */
/*!50001 VIEW `building_details` AS select `server_user`.`id_user` AS `id_user`,`building`.`id_building` AS `id_building`,`building`.`name` AS `name_building`,sum((case when (`equipament`.`resource_type_name` = 'NetworkEquipment') then 1 else 0 end)) AS `qtd_switchs`,sum((case when (`equipament`.`resource_type_name` = 'PatchPanel') then 1 else 0 end)) AS `qtd_pathpanels`,sum((case when (`equipament`.`resource_type_name` = 'DeviceinRack') then 1 else 0 end)) AS `qtd_servers`,sum((case when (`equipament`.`resource_type_name` = 'BladeEnclosure') then 1 else 0 end)) AS `qtd_blades`,sum((case when (`equipament`.`resource_type_name` = 'BladeServer') then 1 else 0 end)) AS `qtd_servers_blades`,(select count(0) from ((`rack` `ra` left join `room` `ro` on((`ro`.`id_room` = `ra`.`id_room`))) left join `floor` `flo` on((`flo`.`id_floor` = `ro`.`id_floor`))) where (`flo`.`id_building` = `building`.`id_building`)) AS `qtd_racks`,`building_details_ports`.`qtd_ports_copper_available` AS `qtd_ports_copper_available`,`building_details_ports`.`qtd_ports_copper_used` AS `qtd_ports_copper_used`,`building_details_ports`.`qtd_ports_fiber_available` AS `qtd_ports_fiber_available`,`building_details_ports`.`qtd_ports_fiber_used` AS `qtd_ports_fiber_used`,`building_details_ports`.`qtd_ports_switch_available` AS `qtd_ports_switch_available`,`building_details_ports`.`qtd_ports_switch_used` AS `qtd_ports_switch_used` from ((((((((`building` left join `floor` on((`floor`.`id_building` = `building`.`id_building`))) left join `room` on((`room`.`id_floor` = `floor`.`id_floor`))) left join `rack` on((`rack`.`id_room` = `room`.`id_room`))) left join `equipament` on((`equipament`.`id_rack` = `rack`.`id_rack`))) left join `company` on((`company`.`id_company` = `building`.`id_company`))) left join `server` on((`server`.`id_server` = `company`.`id_server`))) left join `server_user` on((`server_user`.`id_server` = `server`.`id_server`))) join `building_details_ports` on(((`building_details_ports`.`id_building` = `building`.`id_building`) and (`building_details_ports`.`id_user` = `server_user`.`id_user`)))) group by `server_user`.`id_user`,`building`.`id_building` */;
/*!50001 SET character_set_client      = @saved_cs_client */;
/*!50001 SET character_set_results     = @saved_cs_results */;
/*!50001 SET collation_connection      = @saved_col_connection */;

--
-- Final view structure for view `building_details_ports`
--

/*!50001 DROP VIEW IF EXISTS `building_details_ports`*/;
/*!50001 SET @saved_cs_client          = @@character_set_client */;
/*!50001 SET @saved_cs_results         = @@character_set_results */;
/*!50001 SET @saved_col_connection     = @@collation_connection */;
/*!50001 SET character_set_client      = utf8 */;
/*!50001 SET character_set_results     = utf8 */;
/*!50001 SET collation_connection      = utf8_general_ci */;
/*!50001 CREATE ALGORITHM=UNDEFINED */
/*!50013 DEFINER=`root`@`localhost` SQL SECURITY DEFINER */
/*!50001 VIEW `building_details_ports` AS select `server_user`.`id_user` AS `id_user`,`building`.`id_building` AS `id_building`,`building`.`name` AS `name_building`,sum((case when ((`equipament`.`resource_type_name` = 'PatchPanel') and (`equipament_ports`.`type` <> 'RJ-45') and (`equipament_ports`.`status` = 1)) then 1 else 0 end)) AS `qtd_ports_fiber_available`,sum((case when ((`equipament`.`resource_type_name` = 'PatchPanel') and (`equipament_ports`.`type` <> 'RJ-45') and (`equipament_ports`.`status` = 2)) then 1 else 0 end)) AS `qtd_ports_fiber_used`,sum((case when ((`equipament`.`resource_type_name` = 'PatchPanel') and (`equipament_ports`.`type` = 'RJ-45') and (`equipament_ports`.`status` = 1)) then 1 else 0 end)) AS `qtd_ports_copper_available`,sum((case when ((`equipament`.`resource_type_name` = 'PatchPanel') and (`equipament_ports`.`type` = 'RJ-45') and (`equipament_ports`.`status` = 2)) then 1 else 0 end)) AS `qtd_ports_copper_used`,sum((case when ((`equipament`.`resource_type_name` = 'NetworkEquipment') and (`equipament_ports`.`status` <> 2)) then 1 else 0 end)) AS `qtd_ports_switch_available`,sum((case when ((`equipament`.`resource_type_name` = 'NetworkEquipment') and (`equipament_ports`.`status` = 2)) then 1 else 0 end)) AS `qtd_ports_switch_used` from ((((((((`building` left join `floor` on((`floor`.`id_building` = `building`.`id_building`))) left join `room` on((`room`.`id_floor` = `floor`.`id_floor`))) left join `rack` on((`rack`.`id_room` = `room`.`id_room`))) left join `equipament` on((`equipament`.`id_rack` = `rack`.`id_rack`))) left join `equipament_ports` on((`equipament_ports`.`id_equipament` = `equipament`.`id_equipament`))) left join `company` on((`company`.`id_company` = `building`.`id_company`))) left join `server` on((`server`.`id_server` = `company`.`id_server`))) left join `server_user` on((`server_user`.`id_server` = `server`.`id_server`))) group by `server_user`.`id_user`,`building`.`id_building` */;
/*!50001 SET character_set_client      = @saved_cs_client */;
/*!50001 SET character_set_results     = @saved_cs_results */;
/*!50001 SET collation_connection      = @saved_col_connection */;

--
-- Final view structure for view `ports_details`
--

/*!50001 DROP VIEW IF EXISTS `ports_details`*/;
/*!50001 SET @saved_cs_client          = @@character_set_client */;
/*!50001 SET @saved_cs_results         = @@character_set_results */;
/*!50001 SET @saved_col_connection     = @@collation_connection */;
/*!50001 SET character_set_client      = utf8 */;
/*!50001 SET character_set_results     = utf8 */;
/*!50001 SET collation_connection      = utf8_general_ci */;
/*!50001 CREATE ALGORITHM=UNDEFINED */
/*!50013 DEFINER=`root`@`localhost` SQL SECURITY DEFINER */
/*!50001 VIEW `ports_details` AS select `room`.`name` AS `name_room`,`room`.`id_room` AS `id_room`,`rack`.`name` AS `name_rack`,`rack`.`id_rack` AS `id_rack`,`rack`.`zone` AS `zone`,`equipament`.`name` AS `name_equipament`,`equipament`.`id_equipament` AS `id_equipament`,`equipament`.`resource_type_name` AS `resource_type_name`,`equipament_port`.`name` AS `name_port`,`equipament_port`.`id_equipament_port` AS `id_equipament_port`,`equipament_port`.`position` AS `position`,`equipament_port`.`type` AS `type`,`equipament_port`.`velocity` AS `velocity`,`equipament_port`.`service` AS `service`,`equipament_port`.`status` AS `status` from (((`room` join `rack` on((`rack`.`id_room` = `room`.`id_room`))) join `equipament` on((`equipament`.`id_rack` = `rack`.`id_rack`))) join `equipament_ports` `equipament_port` on((`equipament_port`.`id_equipament` = `equipament`.`id_equipament`))) */;
/*!50001 SET character_set_client      = @saved_cs_client */;
/*!50001 SET character_set_results     = @saved_cs_results */;
/*!50001 SET collation_connection      = @saved_col_connection */;

--
-- Final view structure for view `ports_rack`
--

/*!50001 DROP VIEW IF EXISTS `ports_rack`*/;
/*!50001 SET @saved_cs_client          = @@character_set_client */;
/*!50001 SET @saved_cs_results         = @@character_set_results */;
/*!50001 SET @saved_col_connection     = @@collation_connection */;
/*!50001 SET character_set_client      = utf8 */;
/*!50001 SET character_set_results     = utf8 */;
/*!50001 SET collation_connection      = utf8_general_ci */;
/*!50001 CREATE ALGORITHM=UNDEFINED */
/*!50013 DEFINER=`root`@`localhost` SQL SECURITY DEFINER */
/*!50001 VIEW `ports_rack` AS select `rack`.`id_rack` AS `id_rack`,`equipament`.`resource_type_name` AS `resource_type_name`,`equipament_ports`.`id_equipament_port` AS `id_equipament_port`,`equipament_ports`.`name` AS `name`,`equipament_ports`.`position` AS `position`,`equipament_ports`.`velocity` AS `velocity`,`equipament_ports`.`service` AS `service`,`equipament_ports`.`type` AS `type`,`equipament_ports`.`status` AS `status` from ((`rack` join `equipament` on((`equipament`.`id_rack` = `rack`.`id_rack`))) join `equipament_ports` on((`equipament_ports`.`id_equipament` = `equipament`.`id_equipament`))) */;
/*!50001 SET character_set_client      = @saved_cs_client */;
/*!50001 SET character_set_results     = @saved_cs_results */;
/*!50001 SET collation_connection      = @saved_col_connection */;

--
-- Final view structure for view `racks_details`
--

/*!50001 DROP VIEW IF EXISTS `racks_details`*/;
/*!50001 SET @saved_cs_client          = @@character_set_client */;
/*!50001 SET @saved_cs_results         = @@character_set_results */;
/*!50001 SET @saved_col_connection     = @@collation_connection */;
/*!50001 SET character_set_client      = utf8 */;
/*!50001 SET character_set_results     = utf8 */;
/*!50001 SET collation_connection      = utf8_general_ci */;
/*!50001 CREATE ALGORITHM=UNDEFINED */
/*!50013 DEFINER=`root`@`localhost` SQL SECURITY DEFINER */
/*!50001 VIEW `racks_details` AS select `server_user`.`id_user` AS `id_user`,`server`.`id_server` AS `id_server`,`company`.`id_company` AS `id_company`,`building`.`id_building` AS `id_building`,`building`.`name` AS `name_building`,`floor`.`id_floor` AS `id_floor`,`room`.`id_room` AS `id_room`,`rack`.`id_rack` AS `id_rack`,`rack`.`name` AS `name_rack`,concat(`company`.`name`,'/',`building`.`name`,'/',`floor`.`name`,'/',`room`.`name`,'/',if(isnull(`rack`.`id_group_rack`),'',concat(`group_rack`.`name`,'/')),'Fileira: ',`rack`.`zone`,', Posição: ',`rack`.`position_zone`) AS `local_installation`,`rack`.`zone` AS `zone`,`rack`.`position_zone` AS `position_zone`,`rack`.`total_ru` AS `total_ru`,`rack`.`participate_calculation` AS `participate_calculation`,`rack`.`potency_watts_limit` AS `potency_watts_limit`,`rack`.`electrical_sockets_limit` AS `electrical_sockets_limit`,(select ifnull(sum(`equipament`.`ru_size`),0) from `equipament` where (`equipament`.`id_rack` = `rack`.`id_rack`)) AS `ru_usage`,(select ifnull(sum(`equipament`.`potency_watts_usage`),0) from `equipament` where (`equipament`.`id_rack` = `rack`.`id_rack`)) AS `potency_watts_usage`,(select ifnull(sum(`equipament`.`electrical_sockets_usage`),0) from `equipament` where (`equipament`.`id_rack` = `rack`.`id_rack`)) AS `electrical_sockets_usage`,ifnull(`racks_ports_copper`.`qtd_ports_copper_available`,0) AS `qtd_ports_copper_available`,ifnull(`racks_ports_copper`.`qtd_ports_copper_used`,0) AS `qtd_ports_copper_used`,ifnull(`zone_ports_used`.`qtd_ports_fiber_available`,0) AS `qtd_ports_fiber_available`,ifnull(`zone_ports_used`.`qtd_ports_fiber_used`,0) AS `qtd_ports_fiber_used`,ifnull(`zone_ports_used`.`qtd_ports_switch_available`,0) AS `qtd_ports_switch_available`,ifnull(`zone_ports_used`.`qtd_ports_switch_used`,0) AS `qtd_ports_switch_used`,ifnull(`zone_ports_used`.`qtd_ports_switch_copper_available`,0) AS `qtd_ports_switch_copper_available`,ifnull(`zone_ports_used`.`qtd_ports_switch_fiber_available`,0) AS `qtd_ports_switch_fiber_available`,ifnull(`zone_ports_used`.`ports_switch_available`,'[]') AS `ports_switch_available`,`racks_ports_switch_connect_zone`.`ports_switch_available_connection` AS `ports_switch_available_connection` from ((((((((((`rack` left join `group_rack` on((`group_rack`.`id_group_rack` = `rack`.`id_group_rack`))) join `room` on((`room`.`id_room` = `rack`.`id_room`))) join `floor` on((`floor`.`id_floor` = `room`.`id_floor`))) join `building` on((`building`.`id_building` = `floor`.`id_building`))) join `company` on((`company`.`id_company` = `building`.`id_company`))) join `server` on((`server`.`id_server` = `company`.`id_server`))) join `server_user` on((`server_user`.`id_server` = `server`.`id_server`))) join `racks_ports_switch_connect_zone` on((`racks_ports_switch_connect_zone`.`id_rack` = `rack`.`id_rack`))) left join `zone_ports_used` on(((`zone_ports_used`.`id_room` = `rack`.`id_room`) and (`zone_ports_used`.`zone` = `rack`.`zone`)))) left join `racks_ports_copper` on((`racks_ports_copper`.`id_rack` = `rack`.`id_rack`))) group by `server_user`.`id_user`,`rack`.`id_rack` */;
/*!50001 SET character_set_client      = @saved_cs_client */;
/*!50001 SET character_set_results     = @saved_cs_results */;
/*!50001 SET collation_connection      = @saved_col_connection */;

--
-- Final view structure for view `racks_ports_copper`
--

/*!50001 DROP VIEW IF EXISTS `racks_ports_copper`*/;
/*!50001 SET @saved_cs_client          = @@character_set_client */;
/*!50001 SET @saved_cs_results         = @@character_set_results */;
/*!50001 SET @saved_col_connection     = @@collation_connection */;
/*!50001 SET character_set_client      = utf8 */;
/*!50001 SET character_set_results     = utf8 */;
/*!50001 SET collation_connection      = utf8_general_ci */;
/*!50001 CREATE ALGORITHM=UNDEFINED */
/*!50013 DEFINER=`root`@`localhost` SQL SECURITY DEFINER */
/*!50001 VIEW `racks_ports_copper` AS select `ports_details`.`id_rack` AS `id_rack`,sum((case when ((`ports_details`.`resource_type_name` = 'PatchPanel') and (`ports_details`.`type` = 'RJ-45') and (`ports_details`.`status` = 1)) then 1 else 0 end)) AS `qtd_ports_copper_available`,sum((case when ((`ports_details`.`resource_type_name` = 'PatchPanel') and (`ports_details`.`type` = 'RJ-45') and (`ports_details`.`status` = 2)) then 1 else 0 end)) AS `qtd_ports_copper_used` from `ports_details` group by `ports_details`.`id_rack` */;
/*!50001 SET character_set_client      = @saved_cs_client */;
/*!50001 SET character_set_results     = @saved_cs_results */;
/*!50001 SET collation_connection      = @saved_col_connection */;

--
-- Final view structure for view `racks_ports_switch_connect`
--

/*!50001 DROP VIEW IF EXISTS `racks_ports_switch_connect`*/;
/*!50001 SET @saved_cs_client          = @@character_set_client */;
/*!50001 SET @saved_cs_results         = @@character_set_results */;
/*!50001 SET @saved_col_connection     = @@collation_connection */;
/*!50001 SET character_set_client      = utf8 */;
/*!50001 SET character_set_results     = utf8 */;
/*!50001 SET collation_connection      = utf8_general_ci */;
/*!50001 CREATE ALGORITHM=UNDEFINED */
/*!50013 DEFINER=`root`@`localhost` SQL SECURITY DEFINER */
/*!50001 VIEW `racks_ports_switch_connect` AS select `group_rack_connection_a`.`id_rack` AS `id_rack`,ifnull(concat('[',group_concat((case when ((`ports_rack`.`status` <> 2) and (`ports_rack`.`resource_type_name` = 'NetworkEquipment')) then json_object('id_rack',`ports_rack`.`id_rack`,'resource_type_name',`ports_rack`.`resource_type_name`,'velocity',`ports_rack`.`velocity`,'service',`ports_rack`.`service`,'type',`ports_rack`.`type`,'status',`ports_rack`.`status`) end) separator ','),']'),'[]') AS `ports_switch_available_connection` from ((`group_rack_connection` `group_rack_connection_a` join `group_rack_connection` `group_rack_connection_b` on((`group_rack_connection_b`.`id_group_connection` = `group_rack_connection_a`.`id_group_connection`))) join `ports_rack` on((`ports_rack`.`id_rack` = `group_rack_connection_b`.`id_rack`))) where (`group_rack_connection_a`.`id_rack` <> `group_rack_connection_b`.`id_rack`) group by `group_rack_connection_a`.`id_rack` order by `group_rack_connection_a`.`id_rack` */;
/*!50001 SET character_set_client      = @saved_cs_client */;
/*!50001 SET character_set_results     = @saved_cs_results */;
/*!50001 SET collation_connection      = @saved_col_connection */;

--
-- Final view structure for view `racks_ports_switch_connect_zone`
--

/*!50001 DROP VIEW IF EXISTS `racks_ports_switch_connect_zone`*/;
/*!50001 SET @saved_cs_client          = @@character_set_client */;
/*!50001 SET @saved_cs_results         = @@character_set_results */;
/*!50001 SET @saved_col_connection     = @@collation_connection */;
/*!50001 SET character_set_client      = utf8 */;
/*!50001 SET character_set_results     = utf8 */;
/*!50001 SET collation_connection      = utf8_general_ci */;
/*!50001 CREATE ALGORITHM=UNDEFINED */
/*!50013 DEFINER=`root`@`localhost` SQL SECURITY DEFINER */
/*!50001 VIEW `racks_ports_switch_connect_zone` AS select `rack`.`id_rack` AS `id_rack`,ifnull(concat('[',group_concat(json_object('id_rack',`racks_ports_switch_connect`.`id_rack`,'ports',ifnull(`racks_ports_switch_connect`.`ports_switch_available_connection`,'[]')) separator ','),']'),'[]') AS `ports_switch_available_connection` from ((`rack` join `rack` `rack_b` on(((`rack_b`.`id_room` = `rack`.`id_room`) and (`rack_b`.`zone` = `rack`.`zone`)))) left join `racks_ports_switch_connect` on((`racks_ports_switch_connect`.`id_rack` = `rack_b`.`id_rack`))) group by `rack`.`id_rack` */;
/*!50001 SET character_set_client      = @saved_cs_client */;
/*!50001 SET character_set_results     = @saved_cs_results */;
/*!50001 SET collation_connection      = @saved_col_connection */;

--
-- Final view structure for view `zone_ports_used`
--

/*!50001 DROP VIEW IF EXISTS `zone_ports_used`*/;
/*!50001 SET @saved_cs_client          = @@character_set_client */;
/*!50001 SET @saved_cs_results         = @@character_set_results */;
/*!50001 SET @saved_col_connection     = @@collation_connection */;
/*!50001 SET character_set_client      = utf8 */;
/*!50001 SET character_set_results     = utf8 */;
/*!50001 SET collation_connection      = utf8_general_ci */;
/*!50001 CREATE ALGORITHM=UNDEFINED */
/*!50013 DEFINER=`root`@`localhost` SQL SECURITY DEFINER */
/*!50001 VIEW `zone_ports_used` AS select `ports_details`.`id_room` AS `id_room`,`ports_details`.`zone` AS `zone`,sum((case when ((`ports_details`.`resource_type_name` = 'PatchPanel') and (`ports_details`.`type` <> 'RJ-45') and (`ports_details`.`status` = 1)) then 1 else 0 end)) AS `qtd_ports_fiber_available`,sum((case when ((`ports_details`.`resource_type_name` = 'PatchPanel') and (`ports_details`.`type` <> 'RJ-45') and (`ports_details`.`status` = 2)) then 1 else 0 end)) AS `qtd_ports_fiber_used`,sum((case when ((`ports_details`.`resource_type_name` = 'NetworkEquipment') and (`ports_details`.`status` <> 2)) then 1 else 0 end)) AS `qtd_ports_switch_available`,sum((case when ((`ports_details`.`resource_type_name` = 'NetworkEquipment') and (`ports_details`.`status` = 2)) then 1 else 0 end)) AS `qtd_ports_switch_used`,sum((case when ((`ports_details`.`resource_type_name` = 'NetworkEquipment') and (`ports_details`.`status` <> 2) and (`ports_details`.`type` = 'RJ-45')) then 1 else 0 end)) AS `qtd_ports_switch_copper_available`,sum((case when ((`ports_details`.`resource_type_name` = 'NetworkEquipment') and (`ports_details`.`status` <> 2) and (`ports_details`.`type` <> 'RJ-45')) then 1 else 0 end)) AS `qtd_ports_switch_fiber_available`,concat('[',group_concat((case when ((`ports_details`.`status` <> 2) and (`ports_details`.`resource_type_name` = 'NetworkEquipment')) then json_object('velocity',`ports_details`.`velocity`,'service',`ports_details`.`service`,'type',`ports_details`.`type`,'status',`ports_details`.`status`,'resource_type_name',`ports_details`.`resource_type_name`) end) separator ','),']') AS `ports_switch_available` from `ports_details` group by `ports_details`.`id_room`,`ports_details`.`zone` */;
/*!50001 SET character_set_client      = @saved_cs_client */;
/*!50001 SET character_set_results     = @saved_cs_results */;
/*!50001 SET collation_connection      = @saved_col_connection */;
/*!40103 SET TIME_ZONE=@OLD_TIME_ZONE */;

/*!40101 SET SQL_MODE=@OLD_SQL_MODE */;
/*!40014 SET FOREIGN_KEY_CHECKS=@OLD_FOREIGN_KEY_CHECKS */;
/*!40014 SET UNIQUE_CHECKS=@OLD_UNIQUE_CHECKS */;
/*!40101 SET CHARACTER_SET_CLIENT=@OLD_CHARACTER_SET_CLIENT */;
/*!40101 SET CHARACTER_SET_RESULTS=@OLD_CHARACTER_SET_RESULTS */;
/*!40101 SET COLLATION_CONNECTION=@OLD_COLLATION_CONNECTION */;
/*!40111 SET SQL_NOTES=@OLD_SQL_NOTES */;

-- Dump completed on 2018-10-06 15:35:55
